"日期","收盘","开盘","高","低","交易量","涨跌幅"
"2026-5-15","708.93","710.14","715.13","705.55","51.79M","-1.51%"
"2026-5-14","719.79","714.62","722.03","714.22","33.33M","0.71%"
"2026-5-13","714.71","709.96","716.65","704.83","40.01M","1.06%"
"2026-5-12","707.24","708.22","710.18","696.64","45.87M","-0.85%"
"2026-5-11","713.29","710.36","714.59","708.91","36.02M","0.29%"
"2026-5-8","711.23","699.92","711.23","699.50","44.32M","2.34%"
"2026-5-7","694.94","696.58","701.24","691.77","43.78M","-0.12%"
"2026-5-6","695.77","687.78","695.93","686.48","38.78M","2.08%"
"2026-5-5","681.61","677.96","682.77","677.51","37.10M","1.30%"
"2026-5-4","672.88","674.66","676.73","668.90","34.54M","-0.19%"
"2026-5-1","674.15","669.16","675.97","668.80","39.17M","0.96%"
"2026-4-30","667.74","665.35","668.90","657.56","40.62M","0.93%"
"2026-4-29","661.57","658.63","661.72","656.59","31.72M","0.61%"
"2026-4-28","657.55","657.41","659.64","653.81","34.15M","-1.01%"
"2026-4-27","664.23","663.40","664.43","660.69","32.72M","0.05%"
"2026-4-24","663.88","658.51","664.51","656.53","45.56M","1.91%"
"2026-4-23","651.42","653.55","656.92","645.52","40.10M","-0.56%"
"2026-4-22","655.11","650.15","655.33","648.52","37.37M","1.67%"
"2026-4-21","644.33","648.41","650.20","642.21","39.58M","-0.38%"
"2026-4-20","646.79","648.04","648.76","642.52","37.14M","-0.32%"
"2026-4-17","648.85","645.59","650.00","644.07","53.49M","1.31%"
"2026-4-16","640.47","639.21","642.18","635.26","42.32M","0.48%"
"2026-4-15","637.40","629.08","637.83","628.20","50.10M","1.40%"
"2026-4-14","628.60","620.22","628.60","620.10","49.92M","1.82%"
"2026-4-13","617.39","609.48","626.74","608.11","32.97M","1.03%"
"2026-4-10","611.07","611.84","613.67","609.58","34.04M","0.14%"
"2026-4-9","610.19","605.93","610.50","603.03","37.84M","0.68%"
"2026-4-8","606.09","608.71","609.90","602.12","63.09M","2.97%"
"2026-4-7","588.59","585.64","588.98","578.40","49.95M","0.02%"
"2026-4-6","588.50","586.23","590.61","584.69","35.11M","0.60%"
"2026-4-2","584.98","573.97","586.05","571.92","50.94M","0.11%"
"2026-4-1","584.31","581.48","587.74","580.42","79.44M","1.24%"
"2026-3-31","577.18","564.29","578.64","564.21","95.88M","3.39%"
"2026-3-30","558.28","567.38","568.05","555.60","70.60M","-0.76%"
"2026-3-27","562.58","570.81","571.02","561.57","82.70M","-1.95%"
"2026-3-26","573.79","582.60","584.63","573.43","81.49M","-2.39%"
"2026-3-25","587.82","589.14","591.37","585.69","60.48M","0.66%"
"2026-3-24","583.98","584.81","587.93","581.93","57.75M","-0.68%"
"2026-3-23","588.00","590.52","595.08","585.96","89.94M","1.02%"
"2026-3-20","582.06","591.06","591.17","578.54","91.96M","-1.85%"
"2026-3-19","593.02","589.51","595.80","587.08","75.60M","-0.32%"
"2026-3-18","594.90","601.49","603.16","594.56","56.13M","-1.39%"
"2026-3-17","603.31","603.14","605.90","601.87","47.11M","0.49%"
"2026-3-16","600.38","600.04","603.86","599.11","49.08M","1.12%"
"2026-3-13","593.72","599.73","603.60","592.57","63.15M","-0.59%"
"2026-3-12","597.26","602.76","604.14","597.05","71.84M","-1.72%"
"2026-3-11","607.69","608.95","612.43","605.03","60.11M","-0.01%"
"2026-3-10","607.77","607.78","613.29","605.42","64.08M","0.00%"
"2026-3-9","607.76","594.22","609.27","591.33","93.07M","1.34%"
"2026-3-6","599.75","600.31","606.00","598.33","86.30M","-1.50%"
"2026-3-5","608.91","607.40","612.76","602.26","89.60M","-0.30%"
"2026-3-4","610.75","604.16","612.88","603.43","70.94M","1.52%"
"2026-3-3","601.58","596.33","603.96","591.87","97.02M","-1.07%"
"2026-3-2","608.09","598.86","609.92","597.99","75.26M","0.13%"
"2026-2-27","607.29","602.98","608.32","602.19","68.13M","-0.32%"
"2026-2-26","609.24","615.59","615.59","603.98","96.18M","-1.21%"
"2026-2-25","616.68","611.07","616.83","611.00","55.71M","1.45%"
"2026-2-24","607.87","602.40","608.99","599.73","55.02M","1.07%"
"2026-2-23","601.41","606.60","608.01","599.05","63.86M","-1.22%"
"2026-2-20","608.81","600.12","610.35","599.23","74.13M","0.88%"
"2026-2-19","603.47","602.81","605.82","600.75","60.96M","-0.38%"
"2026-2-18","605.79","602.11","609.77","600.72","64.25M","0.75%"
"2026-2-17","601.30","598.38","603.95","593.34","69.01M","-0.10%"
"2026-2-13","601.92","600.43","606.48","596.42","69.24M","0.21%"
"2026-2-12","600.64","614.71","615.81","599.57","81.38M","-2.03%"
"2026-2-11","613.11","616.38","617.52","607.69","58.58M","0.27%"
"2026-2-10","611.47","615.30","617.02","611.01","53.94M","-0.46%"
"2026-2-9","614.32","607.54","616.46","605.07","56.80M","0.77%"
"2026-2-6","609.65","600.19","611.41","598.77","78.02M","2.11%"
"2026-2-5","597.03","600.21","604.81","594.76","89.35M","-1.44%"
"2026-2-4","605.75","615.02","615.10","600.47","81.85M","-1.75%"
"2026-2-3","616.52","628.30","629.98","610.96","81.23M","-1.54%"
"2026-2-2","626.14","618.70","628.49","618.66","49.02M","0.69%"
"2026-1-30","621.87","625.71","628.26","619.30","65.65M","-1.20%"
"2026-1-29","629.43","632.65","633.67","618.27","79.94M","-0.60%"
"2026-1-28","633.22","635.46","636.60","631.81","50.69M","0.33%"
"2026-1-27","631.13","628.91","632.04","627.34","39.00M","0.91%"
"2026-1-26","625.46","623.21","627.61","622.12","35.98M","0.44%"
"2026-1-23","622.72","619.73","625.40","618.65","43.65M","0.32%"
"2026-1-22","620.76","622.35","622.46","617.78","42.25M","0.73%"
"2026-1-21","616.28","609.47","620.42","607.86","79.84M","1.35%"
"2026-1-20","608.06","610.53","615.05","607.05","81.99M","-2.12%"
"2026-1-16","621.26","625.50","626.08","618.88","61.06M","-0.08%"
"2026-1-15","621.78","626.60","630.00","620.75","53.93M","0.36%"
"2026-1-14","619.55","622.24","623.45","614.56","72.60M","-1.07%"
"2026-1-13","626.24","627.27","629.47","623.70","44.48M","-0.15%"
"2026-1-12","627.17","622.31","628.84","622.26","37.39M","0.08%"
"2026-1-9","626.65","621.41","627.89","619.06","49.69M","1.00%"
"2026-1-8","620.47","623.03","623.42","617.80","50.44M","-0.57%"
"2026-1-7","624.02","623.04","627.94","622.56","44.88M","0.10%"
"2026-1-6","623.42","619.23","624.02","618.54","43.14M","0.88%"
"2026-1-5","617.99","619.32","620.81","616.72","46.83M","0.79%"
"2026-1-2","613.12","620.06","622.85","610.15","61.86M","-0.19%"
"2025-12-31","614.31","619.65","619.96","614.05","40.75M","-0.83%"
"2025-12-30","619.43","619.84","622.18","619.22","31.23M","-0.23%"
"2025-12-29","620.87","620.10","622.78","618.73","32.46M","-0.48%"
"2025-12-26","623.89","624.66","625.52","623.14","28.96M","-0.01%"
"2025-12-24","623.93","621.99","624.28","621.72","18.47M","0.29%"
"2025-12-23","622.11","618.20","622.41","617.78","41.12M","0.47%"
"2025-12-22","619.21","621.35","621.65","617.77","43.70M","0.35%"
"2025-12-19","617.05","611.95","617.62","611.87","60.37M","1.30%"
"2025-12-18","609.11","609.80","612.93","606.92","78.88M","1.45%"
"2025-12-17","600.41","613.06","613.65","600.28","70.65M","-1.85%"
"2025-12-16","611.75","608.26","613.51","606.91","55.15M","0.20%"
"2025-12-15","610.54","618.37","618.42","609.32","49.54M","-0.50%"
"2025-12-12","613.62","622.08","623.54","611.36","75.16M","-1.91%"
"2025-12-11","625.58","623.82","625.78","617.72","58.27M","-0.32%"
"2025-12-10","627.61","623.85","629.21","620.99","55.03M","0.41%"
"2025-12-9","625.05","623.01","625.87","621.00","37.16M","0.12%"
"2025-12-8","624.28","627.21","628.84","621.69","43.46M","-0.19%"
"2025-12-5","625.48","624.38","628.92","623.71","53.61M","0.41%"
"2025-12-4","622.94","624.93","624.94","619.54","47.07M","-0.09%"
"2025-12-3","623.52","619.62","624.22","618.03","47.84M","0.24%"
"2025-12-2","622.00","619.46","623.75","617.59","54.54M","0.78%"
"2025-12-1","617.17","613.63","619.44","612.52","40.96M","-0.34%"
"2025-11-28","619.25","616.11","619.32","615.42","23.03M","0.81%"
"2025-11-26","614.27","612.51","616.19","610.39","42.39M","0.88%"
"2025-11-25","608.89","603.51","610.26","597.32","57.56M","0.62%"
"2025-11-24","605.16","595.28","606.68","595.16","60.17M","2.56%"
"2025-11-21","590.07","587.47","596.98","580.74","103.34M","0.75%"
"2025-11-20","585.67","611.62","614.03","584.75","117.74M","-2.37%"
"2025-11-19","599.87","597.07","606.16","594.59","73.11M","0.60%"
"2025-11-18","596.31","599.62","602.31","591.34","83.33M","-1.22%"
"2025-11-17","603.66","606.30","612.48","599.87","63.85M","-0.85%"
"2025-11-14","608.86","599.55","613.35","597.17","80.09M","0.08%"
"2025-11-13","608.40","617.54","618.12","606.08","71.33M","-2.04%"
"2025-11-12","621.08","624.84","624.86","617.81","47.44M","-0.08%"
"2025-11-11","621.57","620.57","622.72","617.52","44.87M","-0.27%"
"2025-11-10","623.23","618.92","624.31","616.89","55.92M","2.21%"
"2025-11-7","609.74","608.31","609.95","598.67","81.84M","-0.32%"
"2025-11-6","611.67","621.79","622.04","610.30","72.12M","-1.86%"
"2025-11-5","623.28","618.49","626.60","617.21","48.69M","0.65%"
"2025-11-4","619.25","623.28","626.95","618.46","63.83M","-2.03%"
"2025-11-3","632.08","635.11","635.82","629.85","37.15M","0.48%"
"2025-10-31","629.07","634.17","634.20","626.69","66.31M","0.48%"
"2025-10-30","626.05","632.17","633.50","625.94","61.63M","-1.53%"
"2025-10-29","635.77","635.59","637.01","630.25","67.42M","0.45%"
"2025-10-28","632.92","630.36","634.68","629.25","61.20M","0.77%"
"2025-10-27","628.09","624.52","628.55","624.03","54.10M","1.78%"
"2025-10-24","617.10","615.99","618.42","615.13","47.63M","1.07%"
"2025-10-23","610.58","604.91","611.37","604.52","42.84M","0.84%"
"2025-10-22","605.49","610.82","611.41","599.74","61.48M","-0.96%"
"2025-10-21","611.38","611.64","612.72","609.32","44.54M","-0.03%"
"2025-10-20","611.54","607.14","612.80","607.07","45.76M","1.26%"
"2025-10-17","603.93","597.95","605.51","596.37","72.02M","0.66%"
"2025-10-16","599.99","605.11","608.31","595.50","70.98M","-0.37%"
"2025-10-15","602.22","604.01","606.70","595.93","62.81M","0.71%"
"2025-10-14","598.00","595.31","602.69","590.13","69.20M","-0.67%"
"2025-10-13","602.01","599.68","602.95","597.23","65.87M","2.12%"
"2025-10-10","589.50","611.40","613.18","589.05","97.61M","-3.47%"
"2025-10-9","610.70","611.48","611.61","607.48","45.55M","-0.12%"
"2025-10-8","611.44","605.41","611.75","605.26","50.63M","1.15%"
"2025-10-7","604.51","609.02","609.71","603.03","58.21M","-0.53%"
"2025-10-6","607.71","608.45","609.36","605.97","41.96M","0.75%"
"2025-10-3","603.18","606.51","607.33","601.39","46.48M","-0.42%"
"2025-10-2","605.73","607.06","607.16","602.93","43.77M","0.41%"
"2025-10-1","603.25","597.17","603.79","596.34","46.90M","0.48%"
"2025-9-30","600.37","598.43","600.71","596.10","46.53M","0.27%"
"2025-9-29","598.73","599.11","602.05","597.41","48.33M","0.46%"
"2025-9-26","595.97","594.35","596.30","591.06","54.34M","0.41%"
"2025-9-25","593.53","592.20","595.11","588.50","70.92M","-0.43%"
"2025-9-24","596.10","599.58","599.90","593.36","49.85M","-0.35%"
"2025-9-23","598.20","602.37","602.57","596.98","64.64M","-0.66%"
"2025-9-22","602.20","597.74","602.87","597.72","57.15M","0.48%"
"2025-9-19","599.35","597.33","600.05","595.85","58.20M","0.68%"
"2025-9-18","595.32","594.91","598.14","592.96","61.07M","0.90%"
"2025-9-17","590.00","591.10","591.75","584.36","69.38M","-0.20%"
"2025-9-16","591.18","592.61","592.86","590.49","36.94M","-0.08%"
"2025-9-15","591.68","588.44","591.79","588.29","44.36M","0.86%"
"2025-9-12","586.66","585.04","587.86","584.10","50.75M","0.44%"
"2025-9-11","584.08","583.24","584.88","581.62","44.75M","0.58%"
"2025-9-10","580.70","583.74","583.77","578.55","49.31M","0.03%"
"2025-9-9","580.51","579.67","580.94","577.04","44.01M","0.28%"
"2025-9-8","578.87","578.37","580.84","577.77","46.37M","0.49%"
"2025-9-5","576.06","580.49","581.12","571.53","68.34M","0.14%"
"2025-9-4","575.23","570.74","575.60","569.03","47.53M","0.91%"
"2025-9-3","570.07","569.23","571.70","566.72","54.23M","0.79%"
"2025-9-2","565.62","561.31","565.97","559.53","65.88M","-0.84%"
"2025-8-29","570.40","574.66","575.03","568.54","56.03M","-1.16%"
"2025-8-28","577.08","574.11","578.00","572.46","46.79M","0.63%"
"2025-8-27","573.49","571.59","574.41","570.37","36.93M","0.15%"
"2025-8-26","572.61","569.83","572.92","568.80","34.10M","0.40%"
"2025-8-25","570.32","570.40","573.29","569.16","34.04M","-0.29%"
"2025-8-22","571.97","564.67","573.99","563.27","51.50M","1.54%"
"2025-8-21","563.28","564.35","566.49","560.98","46.44M","-0.46%"
"2025-8-20","565.90","568.33","568.45","558.84","76.78M","-0.59%"
"2025-8-19","569.28","576.39","576.56","568.25","53.75M","-1.36%"
"2025-8-18","577.11","576.44","577.77","575.24","29.83M","-0.04%"
"2025-8-15","577.34","579.80","579.84","575.57","49.48M","-0.44%"
"2025-8-14","579.89","578.28","581.88","577.91","45.43M","-0.08%"
"2025-8-13","580.34","582.76","583.32","578.94","41.21M","0.05%"
"2025-8-12","580.05","575.16","580.35","572.48","42.27M","1.26%"
"2025-8-11","572.85","574.69","576.80","571.57","33.11M","-0.30%"
"2025-8-8","574.55","570.45","574.77","570.15","35.26M","0.93%"
"2025-8-7","569.24","571.67","573.32","565.11","44.46M","0.34%"
"2025-8-6","567.32","561.11","567.76","560.63","41.82M","1.26%"
"2025-8-5","560.27","565.39","566.56","559.73","48.67M","-0.68%"
"2025-8-4","564.10","559.05","564.32","558.95","47.67M","1.85%"
"2025-8-1","553.88","558.83","559.02","551.68","69.40M","-1.97%"
"2025-7-31","565.01","574.54","574.63","563.87","64.61M","-0.53%"
"2025-7-30","568.02","568.18","570.62","565.05","43.43M","0.13%"
"2025-7-29","567.26","570.76","572.11","566.53","45.46M","-0.15%"
"2025-7-28","568.14","567.74","569.04","566.87","31.50M","0.31%"
"2025-7-25","566.37","564.93","567.70","564.27","30.63M","0.24%"
"2025-7-24","565.01","565.13","566.24","563.29","42.28M","0.21%"
"2025-7-23","563.81","562.34","563.85","559.58","40.22M","0.46%"
"2025-7-22","561.25","564.30","564.35","558.61","43.27M","-0.52%"
"2025-7-21","564.17","562.09","566.06","562.06","39.60M","0.52%"
"2025-7-18","561.26","563.12","564.73","559.98","50.48M","-0.10%"
"2025-7-17","561.80","558.02","562.31","557.21","40.42M","0.81%"
"2025-7-16","557.29","557.28","560.21","551.56","52.31M","0.10%"
"2025-7-15","556.72","560.25","560.80","556.66","43.28M","0.09%"
"2025-7-14","556.21","553.99","556.95","551.63","36.45M","0.36%"
"2025-7-11","554.20","553.30","555.79","552.05","39.62M","-0.23%"
"2025-7-10","555.45","556.89","557.30","552.75","34.71M","-0.14%"
"2025-7-9","556.25","554.48","557.63","553.10","43.05M","0.71%"
"2025-7-8","552.34","553.38","554.01","551.10","36.15M","0.06%"
"2025-7-7","552.03","553.52","554.34","549.58","45.35M","-0.75%"
"2025-7-3","556.22","553.18","557.20","553.18","26.44M","0.98%"
"2025-7-2","550.80","546.16","551.00","546.12","36.54M","0.70%"
"2025-7-1","546.99","549.73","550.71","544.66","56.17M","-0.84%"
"2025-6-30","551.64","551.26","552.80","549.01","45.55M","0.65%"
"2025-6-27","548.09","547.26","549.99","544.54","57.58M","0.34%"
"2025-6-26","546.22","543.35","546.67","541.52","43.81M","0.94%"
"2025-6-25","541.16","542.06","543.31","539.38","44.80M","0.26%"
"2025-6-24","539.78","536.89","540.70","536.27","45.44M","1.53%"
"2025-6-23","531.65","526.81","532.17","523.65","50.67M","0.91%"
"2025-6-20","526.83","532.26","533.56","524.88","61.64M","-0.41%"
"2025-6-18","528.99","530.10","532.55","527.40","43.98M","-0.02%"
"2025-6-17","529.08","531.71","533.33","527.91","42.18M","-0.98%"
"2025-6-16","534.29","530.50","535.37","530.45","37.62M","1.39%"
"2025-6-13","526.96","527.68","531.87","525.73","55.81M","-1.26%"
"2025-6-12","533.66","531.09","534.64","530.84","34.10M","0.23%"
"2025-6-11","532.41","535.62","536.78","530.11","53.70M","-0.34%"
"2025-6-10","534.21","531.17","534.90","528.89","40.66M","0.66%"
"2025-6-9","530.70","530.14","532.35","529.01","33.69M","0.15%"
"2025-6-6","529.92","530.00","531.80","528.21","42.47M","0.98%"
"2025-6-5","524.79","530.18","533.05","522.66","61.29M","-0.75%"
"2025-6-4","528.77","528.01","529.84","525.97","41.36M","0.28%"
"2025-6-3","527.30","523.56","528.74","522.69","44.07M","0.78%"
"2025-6-2","523.21","517.24","523.45","515.97","44.76M","0.79%"
"2025-5-30","519.11","519.44","520.68","511.93","67.66M","-0.16%"
"2025-5-29","519.93","526.33","526.48","517.32","58.72M","0.20%"
"2025-5-28","518.91","522.18","523.68","518.39","46.64M","-0.44%"
"2025-5-27","521.22","516.15","521.71","514.59","47.23M","2.35%"
"2025-5-23","509.24","506.18","511.84","505.58","58.37M","-0.93%"
"2025-5-22","514.00","513.66","517.71","512.30","55.61M","0.19%"
"2025-5-21","513.04","516.27","523.00","511.24","71.29M","-1.39%"
"2025-5-20","520.27","519.47","520.93","516.66","42.52M","-0.33%"
"2025-5-19","522.01","514.24","522.53","514.24","52.54M","0.10%"
"2025-5-16","521.51","520.66","521.70","517.10","48.39M","0.44%"
"2025-5-15","519.25","516.52","521.93","515.17","50.15M","0.11%"
"2025-5-14","518.68","516.77","519.23","515.75","47.01M","0.60%"
"2025-5-13","515.59","509.16","517.39","508.42","53.27M","1.52%"
"2025-5-12","507.85","506.99","507.89","501.48","45.09M","4.07%"
"2025-5-9","487.97","490.21","491.54","486.20","27.77M","-0.07%"
"2025-5-8","488.29","488.53","492.70","484.17","39.58M","1.03%"
"2025-5-7","483.30","482.08","485.80","476.78","38.11M","0.39%"
"2025-5-6","481.41","479.56","485.05","478.19","32.79M","-0.93%"
"2025-5-5","485.93","484.60","489.03","484.10","28.31M","-0.59%"
"2025-5-2","488.83","486.54","490.91","484.83","39.22M","1.48%"
"2025-5-1","481.68","483.41","487.18","480.74","43.32M","1.31%"
"2025-4-30","475.47","467.13","477.20","462.43","46.81M","-0.01%"
"2025-4-29","475.53","470.17","476.42","469.59","30.61M","0.66%"
"2025-4-28","472.41","473.03","474.81","466.03","33.55M","-0.03%"
"2025-4-25","472.56","466.97","473.09","465.39","38.70M","1.11%"
"2025-4-24","467.35","456.48","467.66","455.83","45.96M","2.81%"
"2025-4-23","454.56","458.17","463.38","452.88","55.80M","2.27%"
"2025-4-22","444.48","438.82","447.58","437.62","52.30M","2.63%"
"2025-4-21","433.11","438.23","439.08","427.93","44.15M","-2.47%"
"2025-4-17","444.10","447.17","447.75","441.36","44.84M","-0.02%"
"2025-4-16","444.18","449.03","452.62","437.76","48.98M","-3.02%"
"2025-4-15","457.99","458.54","462.38","456.15","35.40M","0.11%"
"2025-4-14","457.48","464.46","465.05","452.63","43.94M","0.68%"
"2025-4-11","454.40","444.65","455.79","441.33","52.48M","1.84%"
"2025-4-10","446.18","453.56","455.59","432.63","108.38M","-4.25%"
"2025-4-9","466.00","415.57","467.83","415.43","142.88M","12.00%"
"2025-4-8","416.06","438.16","443.14","409.79","101.25M","-1.80%"
"2025-4-7","423.69","408.66","443.14","402.39","161.56M","0.24%"
"2025-4-4","422.67","438.14","440.37","422.67","117.09M","-6.21%"
"2025-4-3","450.66","456.44","460.07","450.14","70.46M","-5.35%"
"2025-4-2","476.15","466.12","479.56","465.86","49.89M","0.73%"
"2025-4-1","472.70","467.30","473.63","464.42","41.16M","0.81%"
"2025-3-31","468.92","461.92","469.86","457.33","53.00M","0.00%"
"2025-3-28","468.94","479.81","480.52","468.05","46.36M","-2.63%"
"2025-3-27","481.62","482.41","486.58","480.25","33.47M","-0.57%"
"2025-3-26","484.38","492.30","493.16","482.82","35.04M","-1.84%"
"2025-3-25","493.46","491.39","493.62","490.42","26.04M","0.57%"
"2025-3-24","490.66","487.74","491.51","484.40","34.57M","2.04%"
"2025-3-21","480.84","474.08","481.61","472.90","42.23M","0.33%"
"2025-3-20","479.26","476.88","484.55","476.18","36.78M","-0.34%"
"2025-3-19","480.89","476.81","485.33","474.87","40.43M","1.34%"
"2025-3-18","474.54","479.41","479.61","472.41","39.07M","-1.70%"
"2025-3-17","482.77","479.61","485.84","477.80","41.74M","0.65%"
"2025-3-14","479.66","473.73","480.56","473.12","43.56M","2.42%"
"2025-3-13","468.34","476.25","476.28","466.43","46.56M","-1.80%"
"2025-3-12","476.92","479.16","481.06","471.79","46.97M","1.13%"
"2025-3-11","471.60","472.35","478.80","467.01","68.76M","-0.24%"
"2025-3-10","472.73","483.45","483.97","468.66","76.67M","-3.88%"
"2025-3-7","491.79","487.16","493.28","480.53","54.71M","0.74%"
"2025-3-6","488.20","493.69","498.58","486.20","57.57M","-2.75%"
"2025-3-5","502.01","496.20","503.63","491.26","46.32M","1.30%"
"2025-3-4","495.55","494.18","503.74","487.73","67.88M","-0.30%"
"2025-3-3","497.05","511.52","513.04","493.58","44.59M","-2.19%"
"2025-2-28","508.17","500.13","508.78","496.93","47.65M","1.58%"
"2025-2-27","500.27","518.13","519.07","500.05","52.45M","-2.78%"
"2025-2-26","514.56","515.53","519.66","511.37","34.46M","0.24%"
"2025-2-25","513.32","519.24","519.32","509.44","48.94M","-1.26%"
"2025-2-24","519.87","527.88","529.07","519.53","39.27M","-1.18%"
"2025-2-21","526.08","538.38","538.40","525.71","47.09M","-2.08%"
"2025-2-20","537.23","538.73","539.10","532.46","26.55M","-0.42%"
"2025-2-19","539.52","538.57","540.81","536.46","19.67M","0.03%"
"2025-2-18","539.37","539.73","540.00","536.04","20.57M","0.23%"
"2025-2-14","538.15","536.01","538.84","535.67","17.86M","0.42%"
"2025-2-13","535.90","529.98","536.22","529.19","28.71M","1.44%"
"2025-2-12","528.30","522.30","529.19","521.95","25.01M","0.06%"
"2025-2-11","527.99","525.96","529.92","525.83","19.33M","-0.24%"
"2025-2-10","529.25","527.22","530.36","526.75","20.85M","1.21%"
"2025-2-7","522.92","530.14","532.10","522.19","29.61M","-1.26%"
"2025-2-6","529.60","527.36","529.81","525.74","19.43M","0.52%"
"2025-2-5","526.85","521.82","527.01","520.62","21.13M","0.45%"
"2025-2-4","524.47","518.63","525.11","518.23","26.05M","1.23%"
"2025-2-3","518.11","513.47","520.85","511.05","40.58M","-0.80%"
"2025-1-31","522.29","526.92","531.52","521.19","38.85M","-0.15%"
"2025-1-30","523.05","523.71","526.09","518.21","27.43M","0.43%"
"2025-1-29","520.83","522.46","522.59","516.90","26.65M","-0.19%"
"2025-1-28","521.81","515.22","523.00","511.78","33.19M","1.48%"
"2025-1-27","514.21","511.00","517.99","510.15","60.77M","-2.91%"
"2025-1-24","529.63","533.02","533.79","528.15","19.88M","-0.57%"
"2025-1-23","532.64","529.04","532.76","528.45","23.10M","0.21%"
"2025-1-22","531.51","529.57","533.82","529.26","33.59M","1.28%"
"2025-1-21","524.80","524.48","525.97","520.06","23.63M","0.59%"
"2025-1-17","521.74","522.85","524.07","513.11","51.84M","1.69%"
"2025-1-16","513.08","518.98","519.06","512.95","28.23M","-0.70%"
"2025-1-15","516.70","513.03","517.85","511.46","34.96M","2.30%"
"2025-1-14","505.08","508.74","510.15","501.59","33.74M","-0.09%"
"2025-1-13","505.56","501.20","506.02","499.70","31.69M","-0.32%"
"2025-1-10","507.19","511.48","511.58","503.92","40.53M","-1.57%"
"2025-1-8","515.27","515.08","516.92","510.57","30.78M","0.02%"
"2025-1-7","515.18","525.59","525.99","513.28","36.69M","-1.78%"
"2025-1-6","524.54","524.02","527.92","522.03","36.11M","1.15%"
"2025-1-3","518.58","513.35","519.65","512.53","29.06M","1.64%"
"2025-1-2","510.23","514.30","516.64","505.71","36.39M","-0.20%"
"2024-12-31","511.23","516.90","517.66","510.26","29.12M","-0.85%"
"2024-12-30","515.61","515.51","519.36","511.83","34.58M","-1.33%"
"2024-12-27","522.56","526.01","526.45","517.86","33.84M","-1.33%"
"2024-12-26","529.60","528.32","531.24","526.31","19.14M","-0.07%"
"2024-12-24","529.96","524.83","530.05","524.19","17.56M","1.36%"
"2024-12-23","522.87","519.55","523.25","516.13","29.67M","0.81%"
"2024-12-20","518.66","510.44","524.82","509.29","60.53M","0.87%"
"2024-12-19","514.17","521.19","521.76","513.83","46.44M","-0.45%"
"2024-12-18","516.47","535.15","536.88","515.01","54.70M","-3.61%"
"2024-12-17","535.80","536.36","537.48","534.13","28.58M","-0.44%"
"2024-12-16","538.17","533.08","539.15","533.00","31.98M","1.44%"
"2024-12-13","530.53","530.46","533.17","527.30","28.78M","0.77%"
"2024-12-12","526.50","527.68","528.96","526.02","23.58M","-0.65%"
"2024-12-11","529.92","525.00","530.61","524.59","32.17M","1.79%"
"2024-12-10","520.60","523.62","525.38","519.16","24.35M","-0.34%"
"2024-12-9","522.38","525.55","526.35","521.22","20.67M","-0.78%"
"2024-12-6","526.48","522.48","526.72","522.35","23.76M","0.89%"
"2024-12-5","521.81","523.31","524.04","521.42","18.17M","-0.28%"
"2024-12-4","523.26","520.32","523.52","519.60","26.09M","1.24%"
"2024-12-3","516.87","513.95","517.15","513.37","18.60M","0.31%"
"2024-12-2","515.29","511.01","516.26","510.62","25.15M","1.09%"
"2024-11-29","509.74","505.93","510.34","505.31","15.33M","0.88%"
"2024-11-27","505.30","508.17","508.24","501.93","24.96M","-0.79%"
"2024-11-26","509.31","508.08","510.14","507.23","26.56M","0.54%"
"2024-11-25","506.59","509.90","511.45","504.26","26.38M","0.16%"
"2024-11-22","505.79","504.42","506.53","502.78","23.83M","0.16%"
"2024-11-21","504.98","506.24","506.96","497.56","34.53M","0.36%"
"2024-11-20","503.17","503.16","503.48","496.55","29.57M","-0.06%"
"2024-11-19","503.46","497.42","503.95","497.08","24.52M","0.69%"
"2024-11-18","500.02","498.13","502.14","496.73","27.19M","0.69%"
"2024-11-15","496.57","502.94","503.33","494.49","51.46M","-2.38%"
"2024-11-14","508.69","511.91","512.79","507.77","28.68M","-0.69%"
"2024-11-13","512.25","512.40","514.98","509.95","24.57M","-0.13%"
"2024-11-12","512.91","513.77","514.66","509.83","25.84M","-0.18%"
"2024-11-11","513.84","515.37","515.58","510.92","24.17M","-0.06%"
"2024-11-8","514.14","513.03","514.92","512.41","22.92M","0.12%"
"2024-11-7","513.54","508.40","514.33","508.34","32.85M","1.57%"
"2024-11-6","505.58","500.56","506.41","499.60","43.08M","2.72%"
"2024-11-5","492.21","487.61","492.88","487.52","24.35M","1.28%"
"2024-11-4","486.01","486.82","489.38","484.25","23.29M","-0.29%"
"2024-11-1","487.43","485.50","490.75","485.20","33.66M","0.74%"
"2024-10-31","483.85","492.38","492.43","483.75","41.25M","-2.52%"
"2024-10-30","496.38","499.39","500.35","495.89","29.76M","-0.76%"
"2024-10-29","500.16","495.72","501.35","493.85","28.01M","0.96%"
"2024-10-28","495.40","498.46","498.52","495.10","20.48M","0.02%"
"2024-10-25","495.32","495.14","500.28","494.43","38.76M","0.61%"
"2024-10-24","492.32","492.11","493.00","489.44","22.02M","0.81%"
"2024-10-23","488.36","493.59","494.25","485.05","39.35M","-1.53%"
"2024-10-22","495.96","492.73","497.45","491.97","26.69M","0.11%"
"2024-10-21","495.42","493.25","496.23","491.31","30.34M","0.19%"
"2024-10-18","494.47","494.06","495.57","493.30","25.34M","0.66%"
"2024-10-17","491.25","496.44","496.49","491.19","27.21M","0.07%"
"2024-10-16","490.91","491.18","491.69","487.57","23.00M","0.01%"
"2024-10-15","490.85","497.83","498.50","488.68","34.78M","-1.34%"
"2024-10-14","497.50","495.77","498.83","495.26","26.06M","0.84%"
"2024-10-11","493.36","490.74","494.39","490.17","20.64M","0.16%"
"2024-10-10","492.59","490.85","494.47","489.53","25.75M","-0.11%"
"2024-10-9","493.15","489.00","493.73","487.95","24.99M","0.79%"
"2024-10-8","489.30","484.66","489.99","483.85","28.27M","1.49%"
"2024-10-7","482.10","485.39","486.57","480.87","24.98M","-1.07%"
"2024-10-4","487.32","487.45","487.88","482.39","30.74M","1.19%"
"2024-10-3","481.59","479.74","484.55","478.99","25.34M","-0.07%"
"2024-10-2","481.95","480.36","483.88","477.72","23.74M","0.14%"
"2024-10-1","481.27","487.70","488.00","477.40","42.74M","-1.39%"
"2024-9-30","488.07","485.78","488.41","482.92","30.33M","0.27%"
"2024-9-27","486.75","490.50","490.64","485.56","22.85M","-0.56%"
"2024-9-26","489.47","493.37","493.70","485.80","32.02M","0.75%"
"2024-9-25","485.82","484.74","487.79","484.56","26.55M","0.09%"
"2024-9-24","485.37","484.46","486.33","480.17","25.95M","0.48%"
"2024-9-23","483.04","482.95","484.14","481.60","24.84M","0.12%"
"2024-9-20","482.44","482.49","483.69","478.30","34.58M","-0.19%"
"2024-9-19","483.36","482.61","486.23","480.49","52.78M","2.53%"
"2024-9-18","471.44","474.70","478.83","470.83","39.91M","-0.43%"
"2024-9-17","473.49","476.29","477.60","470.97","30.08M","0.05%"
"2024-9-16","473.24","473.19","473.86","469.89","22.59M","-0.44%"
"2024-9-13","475.34","472.48","476.53","472.25","29.11M","0.45%"
"2024-9-12","473.22","468.65","474.04","466.85","40.18M","0.98%"
"2024-9-11","468.62","459.91","469.37","451.28","57.84M","2.17%"
"2024-9-10","458.66","456.24","459.17","452.23","29.68M","0.92%"
"2024-9-9","454.46","453.06","455.46","449.82","32.98M","1.29%"
"2024-9-6","448.69","460.33","461.22","448.19","50.62M","-2.68%"
"2024-9-5","461.04","458.97","465.36","457.94","34.45M","0.09%"
"2024-9-4","460.61","458.67","464.45","457.73","32.51M","-0.26%"
"2024-9-3","461.81","473.20","473.33","459.41","44.99M","-3.04%"
"2024-8-30","476.27","475.04","476.90","470.51","33.47M","1.19%"
"2024-8-29","470.66","473.28","477.93","469.37","41.08M","-0.15%"
"2024-8-28","471.35","476.29","477.02","467.89","37.37M","-1.13%"
"2024-8-27","476.76","473.69","477.84","471.71","27.51M","0.30%"
"2024-8-26","475.34","479.45","480.38","473.24","27.45M","-0.97%"
"2024-8-23","480.00","479.24","482.74","475.28","36.06M","1.08%"
"2024-8-22","474.85","484.84","485.54","473.81","37.74M","-1.59%"
"2024-8-21","482.50","481.05","484.37","479.32","25.66M","0.47%"
"2024-8-20","480.26","480.35","482.94","478.55","29.21M","-0.21%"
"2024-8-19","481.27","475.17","481.31","473.37","23.74M","1.31%"
"2024-8-16","475.03","472.62","476.41","471.65","38.38M","0.13%"
"2024-8-15","474.42","468.76","474.82","468.38","38.28M","2.53%"
"2024-8-14","462.73","463.51","465.11","458.40","34.73M","0.03%"
"2024-8-13","462.58","455.82","462.85","455.68","40.08M","2.48%"
"2024-8-12","451.38","451.39","454.37","448.55","27.80M","0.22%"
"2024-8-9","450.41","446.74","452.06","445.61","33.57M","0.52%"
"2024-8-8","448.07","441.06","448.99","437.15","47.89M","3.06%"
"2024-8-7","434.77","446.49","449.00","434.37","54.93M","-1.08%"
"2024-8-6","439.53","437.23","447.07","434.56","63.16M","0.96%"
"2024-8-5","435.37","424.71","442.29","423.45","87.48M","-2.98%"
"2024-8-2","448.75","450.89","453.57","444.47","66.32M","-2.37%"
"2024-8-1","459.66","471.76","475.55","455.98","56.65M","-2.42%"
"2024-7-31","471.07","467.87","472.79","466.41","44.55M","2.96%"
"2024-7-30","457.53","465.85","466.56","454.15","41.32M","-1.37%"
"2024-7-29","463.90","465.71","467.91","461.61","28.22M","0.20%"
"2024-7-26","462.97","462.65","465.93","459.77","39.99M","1.03%"
"2024-7-25","458.27","463.72","467.94","455.63","59.26M","-1.10%"
"2024-7-24","463.38","473.82","474.19","462.51","58.82M","-3.59%"
"2024-7-23","480.62","481.41","484.43","480.14","23.28M","-0.35%"
"2024-7-22","482.32","481.16","483.35","477.71","40.30M","1.49%"
"2024-7-19","475.24","479.15","481.69","473.94","42.04M","-0.89%"
"2024-7-18","479.49","485.53","485.71","476.27","49.35M","-0.47%"
"2024-7-17","481.77","488.28","488.80","481.70","56.27M","-2.94%"
"2024-7-16","496.34","497.62","498.44","493.15","25.95M","0.04%"
"2024-7-15","496.15","496.61","501.01","494.09","31.15M","0.27%"
"2024-7-12","494.82","492.51","499.62","492.04","37.11M","0.59%"
"2024-7-11","491.93","503.07","503.28","490.73","49.97M","-2.19%"
"2024-7-10","502.96","499.71","503.52","498.39","28.05M","1.04%"
"2024-7-9","497.77","498.87","500.00","496.24","25.70M","0.09%"
"2024-7-8","497.34","496.53","497.89","495.50","22.11M","0.24%"
"2024-7-5","496.16","491.89","496.60","491.59","28.50M","1.04%"
"2024-7-3","491.04","486.22","491.17","486.22","18.06M","0.83%"
"2024-7-2","486.98","480.41","487.04","480.28","26.72M","1.05%"
"2024-7-1","481.92","480.04","482.49","476.26","24.90M","0.59%"
"2024-6-28","479.11","482.41","487.20","478.46","34.88M","-0.52%"
"2024-6-27","481.61","480.12","483.10","479.30","26.22M","0.26%"
"2024-6-26","480.37","478.55","480.92","478.13","22.74M","0.21%"
"2024-6-25","479.38","476.07","479.68","475.12","29.25M","1.14%"
"2024-6-24","473.96","478.18","479.93","473.82","37.75M","-1.30%"
"2024-6-21","480.18","481.19","482.54","478.67","39.43M","-0.27%"
"2024-6-20","481.47","486.42","486.84","479.62","33.92M","-0.77%"
"2024-6-18","485.21","485.01","485.90","483.43","24.44M","0.03%"
"2024-6-17","485.06","479.46","486.86","478.14","37.05M","1.22%"
"2024-6-14","479.19","476.52","479.26","476.05","23.37M","0.52%"
"2024-6-13","476.72","477.72","478.39","474.42","25.86M","0.54%"
"2024-6-12","474.15","471.99","476.50","471.29","34.53M","1.31%"
"2024-6-11","468.02","463.54","468.14","462.03","22.05M","0.69%"
"2024-6-10","464.83","461.82","465.19","461.53","20.72M","0.40%"
"2024-6-7","462.96","463.00","465.74","461.84","25.83M","-0.09%"
"2024-6-6","463.37","464.22","464.54","462.19","21.97M","-0.03%"
"2024-6-5","463.53","457.98","463.61","454.41","33.82M","2.02%"
"2024-6-4","454.37","452.87","455.58","451.13","23.77M","0.27%"
"2024-6-3","453.13","454.57","455.58","447.90","33.00M","0.54%"
"2024-5-31","450.71","451.78","452.48","443.05","55.94M","-0.19%"
"2024-5-30","451.55","455.50","455.64","450.21","30.71M","-1.07%"
"2024-5-29","456.44","455.48","458.24","455.34","29.74M","-0.70%"
"2024-5-28","459.68","459.18","459.74","456.69","26.22M","0.38%"
"2024-5-24","457.95","455.29","459.23","453.57","29.67M","0.95%"
"2024-5-23","453.66","460.55","460.58","451.85","40.90M","-0.45%"
"2024-5-22","455.71","456.06","456.82","453.08","25.12M","-0.02%"
"2024-5-21","455.80","453.04","455.99","452.84","23.17M","0.20%"
"2024-5-20","454.91","451.98","455.58","451.79","24.47M","0.70%"
"2024-5-17","451.76","452.11","452.72","449.54","35.80M","-0.05%"
"2024-5-16","451.98","452.71","454.69","451.81","34.78M","-0.20%"
"2024-5-15","452.90","448.43","453.15","446.90","41.46M","1.56%"
"2024-5-14","445.93","442.65","446.46","442.46","34.48M","0.64%"
"2024-5-13","443.08","443.99","444.09","441.65","22.99M","0.23%"
"2024-5-10","442.06","442.54","444.31","440.50","27.12M","0.24%"
"2024-5-9","441.02","440.33","441.60","438.46","24.58M","0.22%"
"2024-5-8","440.06","437.67","441.48","437.55","24.90M","-0.06%"
"2024-5-7","440.32","440.70","441.97","439.58","31.00M","0.02%"
"2024-5-6","440.25","437.30","440.34","436.52","30.23M","1.10%"
"2024-5-3","435.48","434.44","436.48","432.62","48.52M","2.01%"
"2024-5-2","426.90","425.30","427.81","420.63","36.56M","1.28%"
"2024-5-1","421.52","423.15","430.14","420.66","52.25M","-0.72%"
"2024-4-30","424.59","431.15","432.56","424.51","43.67M","-1.89%"
"2024-4-29","432.75","433.13","433.76","429.98","30.02M","0.41%"
"2024-4-26","431.00","427.62","432.55","426.92","41.87M","1.54%"
"2024-4-25","424.45","419.24","425.32","418.14","57.39M","-0.48%"
"2024-4-24","426.51","428.20","429.73","424.20","48.44M","0.34%"
"2024-4-23","425.07","420.77","426.28","418.87","44.38M","1.49%"
"2024-4-22","418.82","417.31","421.18","413.94","47.81M","1.01%"
"2024-4-19","414.65","422.22","422.75","413.07","75.23M","-2.07%"
"2024-4-18","423.41","426.49","428.24","422.83","46.55M","-0.57%"
"2024-4-17","425.84","433.10","433.12","424.90","56.88M","-1.22%"
"2024-4-16","431.10","430.90","433.76","429.70","47.62M","0.01%"
"2024-4-15","431.06","442.06","442.15","430.21","63.45M","-1.65%"
"2024-4-12","438.27","441.10","442.24","436.88","53.66M","-1.59%"
"2024-4-11","445.37","440.26","446.33","437.96","45.47M","1.60%"
"2024-4-10","438.37","437.00","439.24","436.28","61.50M","-0.87%"
"2024-4-9","442.23","442.96","443.24","437.44","39.52M","0.37%"
"2024-4-8","440.60","441.41","442.50","439.20","28.14M","0.03%"
"2024-4-5","440.47","436.78","443.17","435.96","54.74M","1.18%"
"2024-4-4","435.34","446.33","446.95","435.11","57.27M","-1.53%"
"2024-4-3","442.10","438.96","444.00","438.95","39.95M","0.22%"
"2024-4-2","441.11","440.08","441.43","438.03","44.26M","-0.86%"
"2024-4-1","444.95","444.97","447.53","443.02","38.73M","0.21%"
"2024-3-28","444.01","444.78","445.64","443.65","36.84M","-0.18%"
"2024-3-27","444.83","446.44","446.54","441.93","41.36M","0.34%"
"2024-3-26","443.32","446.30","447.23","443.09","34.14M","-0.32%"
"2024-3-25","444.76","443.55","446.26","442.54","27.79M","-0.36%"
"2024-3-22","446.38","445.35","447.49","444.49","28.25M","0.11%"
"2024-3-21","445.87","448.88","449.34","445.67","39.35M","0.47%"
"2024-3-20","443.77","439.78","444.11","438.06","43.65M","1.19%"
"2024-3-19","438.57","435.45","438.98","433.33","43.00M","0.25%"
"2024-3-18","437.48","438.73","441.04","437.24","47.32M","0.82%"
"2024-3-15","433.92","436.07","438.87","432.74","73.07M","-1.19%"
"2024-3-14","439.14","441.50","442.03","436.39","52.20M","-0.25%"
"2024-3-13","440.25","442.65","442.67","439.12","37.93M","-0.77%"
"2024-3-12","443.66","439.73","444.02","436.46","55.30M","1.43%"
"2024-3-11","437.39","437.51","438.66","435.44","45.86M","-0.37%"
"2024-3-8","439.02","445.81","448.64","438.34","72.10M","-1.44%"
"2024-3-7","445.45","442.42","446.72","440.86","44.53M","1.52%"
"2024-3-6","438.79","440.32","441.99","436.89","46.23M","0.63%"
"2024-3-5","436.05","440.94","440.95","433.65","57.92M","-1.79%"
"2024-3-4","444.02","445.61","446.04","443.77","34.33M","-0.36%"
"2024-3-1","445.61","439.90","446.58","439.84","43.85M","1.51%"
"2024-2-29","439.00","438.23","440.09","435.02","42.50M","0.86%"
"2024-2-28","435.27","435.43","436.67","434.30","32.94M","-0.53%"
"2024-2-27","437.60","437.67","437.99","435.02","33.71M","0.24%"
"2024-2-26","436.55","437.60","438.60","436.36","33.04M","-0.05%"
"2024-2-23","436.78","439.65","440.59","435.79","39.85M","-0.29%"
"2024-2-22","438.07","434.49","439.12","433.71","53.89M","2.93%"
"2024-2-21","425.61","424.55","425.70","421.63","50.18M","-0.40%"
"2024-2-20","427.32","428.55","430.08","423.50","54.00M","-0.75%"
"2024-2-16","430.57","434.89","434.99","429.85","53.72M","-0.91%"
"2024-2-15","434.51","433.92","434.98","431.33","38.80M","0.30%"
"2024-2-14","433.22","431.26","433.65","428.88","45.09M","1.09%"
"2024-2-13","428.55","427.28","431.27","425.33","64.49M","-1.56%"
"2024-2-12","435.34","436.94","439.14","434.65","33.20M","-0.39%"
"2024-2-9","437.05","433.94","437.85","433.14","36.94M","0.98%"
"2024-2-8","432.79","432.11","433.56","431.42","29.89M","0.19%"
"2024-2-7","431.99","430.41","432.83","429.09","37.71M","1.03%"
"2024-2-6","427.59","429.61","430.22","425.22","35.85M","-0.20%"
"2024-2-5","428.45","429.07","429.61","425.00","39.89M","-0.13%"
"2024-2-2","429.01","423.80","430.24","422.79","59.60M","1.69%"
"2024-2-1","421.88","418.79","422.38","417.81","51.01M","1.18%"
"2024-1-31","416.97","420.85","422.87","416.79","64.01M","-1.96%"
"2024-1-30","425.30","427.10","427.68","424.38","36.74M","-0.67%"
"2024-1-29","428.15","424.27","428.35","423.61","38.69M","1.02%"
"2024-1-26","423.81","424.44","426.21","423.15","37.14M","-0.60%"
"2024-1-25","426.35","428.36","429.04","423.98","44.37M","0.12%"
"2024-1-24","425.83","427.44","429.85","425.33","46.95M","0.55%"
"2024-1-23","423.48","422.43","423.70","420.57","33.00M","0.41%"
"2024-1-22","421.73","423.41","424.73","421.12","44.88M","0.13%"
"2024-1-19","421.18","415.22","421.34","414.63","70.33M","1.98%"
"2024-1-18","412.99","410.52","413.58","409.16","59.56M","1.42%"
"2024-1-17","407.21","406.17","407.58","402.92","54.39M","-0.56%"
"2024-1-16","409.52","408.31","411.12","406.83","43.90M","-0.01%"
"2024-1-12","409.56","410.40","411.25","408.15","39.59M","0.05%"
"2024-1-11","409.35","409.79","411.20","404.24","54.54M","0.21%"
"2024-1-10","408.50","406.07","409.52","405.17","33.96M","0.68%"
"2024-1-9","405.75","401.91","406.69","401.71","39.13M","0.20%"
"2024-1-8","404.95","397.99","405.24","397.84","42.47M","2.07%"
"2024-1-5","396.75","396.45","399.56","395.34","44.92M","0.12%"
"2024-1-4","396.28","396.44","399.59","396.06","39.43M","-0.51%"
"2024-1-3","398.33","399.93","401.00","397.89","47.00M","-1.06%"
"2024-1-2","402.59","405.84","406.09","400.24","58.03M","-1.69%"
"2023-12-29","409.52","411.28","411.64","407.58","42.66M","-0.43%"
"2023-12-28","411.30","412.67","412.92","410.94","27.03M","-0.05%"
"2023-12-27","411.50","410.95","411.79","410.08","31.98M","0.20%"
"2023-12-26","410.66","409.04","411.34","408.94","22.72M","0.61%"
"2023-12-22","408.17","408.79","409.75","406.27","34.31M","0.15%"
"2023-12-21","407.56","406.85","407.93","404.26","45.57M","1.16%"
"2023-12-20","402.87","408.14","410.25","402.69","54.04M","-1.49%"
"2023-12-19","408.95","407.33","409.07","407.13","35.71M","0.51%"
"2023-12-18","406.87","404.72","407.78","404.39","46.61M","0.43%"
"2023-12-15","405.13","403.97","406.33","403.36","62.90M","0.48%"
"2023-12-14","403.18","404.77","406.09","400.13","55.45M","-0.09%"
"2023-12-13","403.53","399.41","404.15","398.63","55.41M","1.27%"
"2023-12-12","398.46","395.35","398.58","394.20","39.22M","0.80%"
"2023-12-11","395.31","391.53","395.58","391.32","41.20M","0.85%"
"2023-12-8","391.96","388.47","392.41","388.28","46.69M","0.45%"
"2023-12-7","390.23","387.87","391.06","386.76","49.59M","1.40%"
"2023-12-6","384.85","390.07","390.17","384.50","41.99M","-0.58%"
"2023-12-5","387.09","384.19","388.30","384.01","42.93M","0.25%"
"2023-12-4","386.12","385.89","386.39","382.46","51.19M","-0.93%"
"2023-12-1","389.74","387.55","390.33","385.87","40.49M","0.29%"
"2023-11-30","388.63","389.88","390.35","385.62","52.83M","-0.25%"
"2023-11-29","389.61","392.48","393.93","389.26","38.81M","-0.10%"
"2023-11-28","389.99","388.21","390.57","387.85","35.49M","0.26%"
"2023-11-27","388.97","388.81","390.94","388.08","34.14M","-0.09%"
"2023-11-24","389.31","389.45","390.05","388.30","15.72M","-0.14%"
"2023-11-22","389.86","390.36","392.86","388.84","44.18M","0.41%"
"2023-11-21","388.27","388.81","389.03","386.50","43.34M","-0.58%"
"2023-11-20","390.53","385.85","391.20","385.85","44.54M","1.22%"
"2023-11-17","385.84","385.01","386.87","384.09","46.62M","0.02%"
"2023-11-16","385.75","384.64","385.99","383.36","45.34M","0.09%"
"2023-11-15","385.42","387.05","387.55","384.03","54.14M","0.08%"
"2023-11-14","385.13","383.51","386.06","382.98","67.79M","2.15%"
"2023-11-13","377.01","376.59","378.08","375.04","40.73M","-0.31%"
"2023-11-10","378.19","371.62","378.34","371.09","58.37M","2.25%"
"2023-11-9","369.88","373.44","374.60","369.38","53.86M","-0.77%"
"2023-11-8","372.74","372.88","373.59","370.43","35.66M","0.06%"
"2023-11-7","372.50","370.08","373.38","368.85","50.78M","0.95%"
"2023-11-6","369.02","368.30","369.59","366.72","38.85M","0.41%"
"2023-11-3","367.52","364.56","368.83","364.33","53.28M","1.17%"
"2023-11-2","363.25","361.35","363.49","360.11","58.16M","1.82%"
"2023-11-1","356.77","351.54","357.34","351.44","58.99M","1.74%"
"2023-10-31","350.69","349.05","351.07","346.44","47.67M","0.48%"
"2023-10-30","349.02","347.65","350.36","346.27","55.30M","1.13%"
"2023-10-27","345.13","346.25","348.66","343.90","63.48M","0.48%"
"2023-10-26","343.48","348.94","349.89","342.17","78.62M","-1.91%"
"2023-10-25","350.16","356.51","356.69","349.57","71.19M","-2.45%"
"2023-10-24","358.94","357.32","359.72","355.60","47.08M","0.97%"
"2023-10-23","355.48","353.07","359.07","350.94","60.67M","0.30%"
"2023-10-20","354.41","359.27","359.85","354.18","72.56M","-1.49%"
"2023-10-19","359.78","364.62","365.83","358.97","72.27M","-0.94%"
"2023-10-18","363.18","365.48","367.72","361.83","54.28M","-1.31%"
"2023-10-17","368.01","365.62","369.73","363.47","51.00M","-0.33%"
"2023-10-16","369.22","366.43","370.29","366.28","44.20M","1.13%"
"2023-10-13","365.09","370.38","370.97","363.67","52.52M","-1.26%"
"2023-10-12","369.74","371.53","373.54","367.31","49.59M","-0.35%"
"2023-10-11","371.03","369.75","371.22","368.00","38.22M","0.71%"
"2023-10-10","368.40","366.71","371.09","366.20","46.97M","0.55%"
"2023-10-9","366.37","362.11","366.92","360.59","45.30M","0.51%"
"2023-10-6","364.51","355.46","365.72","354.66","75.05M","1.68%"
"2023-10-5","358.50","359.55","359.96","354.95","45.90M","-0.29%"
"2023-10-4","359.56","355.58","360.42","355.11","54.79M","1.36%"
"2023-10-3","354.73","358.59","360.82","353.09","60.48M","-1.75%"
"2023-10-2","361.07","358.35","362.49","357.73","51.63M","0.83%"
"2023-9-29","358.08","361.35","362.76","356.83","64.83M","0.07%"
"2023-9-28","357.82","353.92","359.98","353.05","56.45M","0.84%"
"2023-9-27","354.85","355.19","356.79","351.18","56.07M","0.23%"
"2023-9-26","354.02","356.80","357.35","353.02","53.66M","-1.50%"
"2023-9-25","359.42","356.74","359.51","355.74","39.17M","0.47%"
"2023-9-22","357.72","359.44","361.61","357.40","51.59M","0.01%"
"2023-9-21","357.67","360.61","361.41","357.50","69.73M","-1.83%"
"2023-9-20","364.35","370.76","371.12","364.27","45.51M","-1.44%"
"2023-9-19","369.68","369.13","370.49","366.61","37.62M","-0.21%"
"2023-9-18","370.47","369.13","371.59","368.84","36.90M","-0.04%"
"2023-9-15","370.62","375.71","376.12","369.67","69.81M","-1.71%"
"2023-9-14","377.07","375.79","378.07","373.69","48.04M","0.82%"
"2023-9-13","374.01","372.83","375.64","371.68","46.30M","0.38%"
"2023-9-12","372.59","375.07","376.75","372.30","41.39M","-1.11%"
"2023-9-11","376.77","375.46","377.29","373.46","39.94M","1.18%"
"2023-9-8","372.38","371.81","374.65","371.40","35.85M","0.14%"
"2023-9-7","371.86","370.02","372.65","368.96","52.06M","-0.72%"
"2023-9-6","374.54","377.08","377.43","372.50","43.00M","-0.88%"
"2023-9-5","377.87","376.57","379.11","375.63","32.34M","0.13%"
"2023-9-1","377.39","380.20","380.63","375.88","39.80M","-0.11%"
"2023-8-31","377.79","376.74","379.52","376.67","35.73M","0.30%"
"2023-8-30","376.66","374.68","377.25","373.66","41.73M","0.56%"
"2023-8-29","374.57","366.37","374.93","366.04","58.49M","2.18%"
"2023-8-28","366.57","366.80","367.52","364.06","40.91M","0.75%"
"2023-8-25","363.83","361.88","365.55","358.39","69.96M","0.78%"
"2023-8-24","361.03","372.44","372.54","360.82","66.84M","-2.14%"
"2023-8-23","368.92","364.39","370.03","364.17","51.77M","1.58%"
"2023-8-22","363.19","366.36","366.37","362.49","44.61M","-0.14%"
"2023-8-21","363.71","359.43","364.40","358.96","50.70M","1.61%"
"2023-8-18","357.94","355.07","359.22","354.52","61.19M","-0.13%"
"2023-8-17","358.39","363.77","364.12","357.97","62.60M","-1.09%"
"2023-8-16","362.35","365.68","367.24","362.25","53.19M","-1.06%"
"2023-8-15","366.23","369.17","369.97","365.55","45.54M","-1.06%"
"2023-8-14","370.16","365.24","370.28","364.51","42.13M","1.12%"
"2023-8-11","366.05","365.80","367.81","364.50","48.71M","-0.64%"
"2023-8-10","368.40","370.78","374.16","366.84","72.04M","0.18%"
"2023-8-9","367.72","372.09","372.25","366.95","51.15M","-1.10%"
"2023-8-8","371.80","372.44","372.46","368.63","44.73M","-0.85%"
"2023-8-7","374.99","373.68","375.09","371.32","37.23M","0.85%"
"2023-8-4","371.84","375.55","377.90","371.33","61.70M","-0.47%"
"2023-8-3","373.59","371.74","375.75","371.57","47.86M","-0.16%"
"2023-8-2","374.19","379.06","379.06","372.93","72.69M","-2.19%"
"2023-8-1","382.59","382.11","383.36","380.49","41.31M","-0.23%"
"2023-7-31","383.48","383.59","384.68","382.14","44.02M","0.05%"
"2023-7-28","383.28","380.54","384.32","380.02","56.90M","1.82%"
"2023-7-27","376.42","382.87","384.51","375.11","63.94M","-0.24%"
"2023-7-26","377.32","377.52","379.04","374.98","47.08M","-0.33%"
"2023-7-25","378.58","376.75","380.27","376.73","38.89M","0.68%"
"2023-7-24","376.03","376.42","377.38","374.14","40.38M","0.16%"
"2023-7-21","375.43","378.98","379.72","374.99","60.50M","-0.30%"
"2023-7-20","376.56","382.41","383.89","375.52","71.94M","-2.31%"
"2023-7-19","385.45","386.62","387.78","384.10","54.09M","-0.02%"
"2023-7-18","385.54","381.76","386.93","379.80","55.34M","0.82%"
"2023-7-17","382.41","379.60","383.30","379.11","40.87M","0.93%"
"2023-7-14","378.87","379.39","382.66","377.98","55.15M","-0.02%"
"2023-7-13","378.95","375.85","379.79","375.26","46.96M","1.70%"
"2023-7-12","372.62","372.14","373.99","370.11","61.70M","1.26%"
"2023-7-11","367.98","366.60","368.44","364.43","38.21M","0.49%"
"2023-7-10","366.17","365.77","366.86","363.22","48.50M","0.03%"
"2023-7-7","366.05","367.04","370.29","365.82","47.13M","-0.33%"
"2023-7-6","367.27","366.32","367.72","364.33","49.37M","-0.76%"
"2023-7-5","370.09","368.50","371.81","368.47","34.46M","0.00%"
"2023-7-3","370.10","369.88","370.74","368.78","19.43M","0.24%"
"2023-6-30","369.23","367.36","370.30","367.04","58.71M","1.54%"
"2023-6-29","363.62","364.05","364.70","361.95","46.15M","-0.20%"
"2023-6-28","364.35","361.79","366.33","361.71","46.50M","0.20%"
"2023-6-27","363.64","359.06","364.38","358.32","49.43M","1.72%"
"2023-6-26","357.49","361.81","364.65","357.40","52.69M","-1.34%"
"2023-6-23","362.35","362.02","364.69","360.63","48.92M","-0.99%"
"2023-6-22","365.98","360.44","366.14","360.03","47.60M","1.18%"
"2023-6-21","361.71","365.55","365.99","360.77","53.38M","-1.36%"
"2023-6-20","366.71","365.76","368.13","363.70","49.20M","-0.28%"
"2023-6-16","367.74","372.52","372.65","367.29","80.93M","-0.63%"
"2023-6-15","370.07","364.42","371.57","363.79","71.14M","1.19%"
"2023-6-14","365.71","363.08","366.00","360.23","69.53M","0.73%"
"2023-6-13","363.07","363.10","363.92","359.84","57.10M","0.77%"
"2023-6-12","360.30","356.00","360.40","355.01","44.82M","1.69%"
"2023-6-9","354.31","354.44","357.47","352.84","53.20M","0.38%"
"2023-6-8","352.96","348.94","353.43","348.71","47.15M","1.24%"
"2023-6-7","348.64","354.94","356.93","348.00","69.23M","-1.70%"
"2023-6-6","354.65","354.09","355.63","352.74","41.39M","-0.02%"
"2023-6-5","354.71","354.24","357.31","353.66","47.27M","0.07%"
"2023-6-2","354.46","353.61","355.64","351.83","53.37M","0.75%"
"2023-6-1","351.83","347.55","353.17","346.48","50.49M","1.16%"
"2023-5-31","347.81","348.19","350.42","346.33","65.11M","-0.57%"
"2023-5-30","349.80","352.52","353.74","348.35","72.65M","0.45%"
"2023-5-26","348.22","340.58","349.06","340.48","63.01M","2.56%"
"2023-5-25","339.54","338.96","340.83","336.49","66.86M","2.43%"
"2023-5-24","331.48","331.20","332.73","329.39","62.89M","-0.51%"
"2023-5-23","333.18","335.71","336.88","332.83","48.22M","-1.27%"
"2023-5-22","337.46","336.07","338.49","336.06","43.02M","0.34%"
"2023-5-19","336.33","337.31","338.03","335.25","61.55M","-0.23%"
"2023-5-18","337.09","331.35","337.31","331.33","64.21M","1.86%"
"2023-5-17","330.95","328.07","331.54","326.87","47.49M","1.21%"
"2023-5-16","326.99","325.89","328.73","325.85","40.02M","0.11%"
"2023-5-15","326.62","325.34","326.86","323.79","33.38M","0.54%"
"2023-5-12","324.86","326.57","327.00","322.77","48.43M","-0.36%"
"2023-5-11","326.03","325.53","326.58","323.95","44.28M","0.33%"
"2023-5-10","324.97","323.95","325.84","321.43","60.45M","1.09%"
"2023-5-9","321.47","321.83","322.71","321.15","31.77M","-0.63%"
"2023-5-8","323.52","322.25","323.87","321.15","36.47M","0.25%"
"2023-5-5","322.72","318.30","323.59","316.05","51.81M","2.13%"
"2023-5-4","316.00","316.89","318.06","314.95","50.22M","-0.35%"
"2023-5-3","317.12","319.58","322.30","317.01","59.88M","-0.65%"
"2023-5-2","319.21","321.95","322.28","317.44","56.52M","-0.87%"
"2023-5-1","322.02","321.92","323.46","320.92","41.01M","-0.11%"
"2023-4-28","322.39","319.94","322.48","318.79","59.71M","0.69%"
"2023-4-27","320.18","315.53","320.69","314.88","65.43M","2.72%"
"2023-4-26","311.71","313.28","314.77","311.18","55.40M","0.61%"
"2023-4-25","309.83","314.13","314.80","309.73","57.12M","-1.89%"
"2023-4-24","315.78","316.21","317.57","313.58","44.04M","-0.21%"
"2023-4-21","316.44","315.74","317.23","313.94","59.00M","0.10%"
"2023-4-20","316.11","315.52","319.10","314.80","62.46M","-0.76%"
"2023-4-19","318.54","316.24","319.62","316.11","38.96M","-0.05%"
"2023-4-18","318.69","320.82","321.25","317.47","46.75M","0.01%"
"2023-4-17","318.67","317.98","319.03","315.87","43.01M","0.08%"
"2023-4-14","318.40","317.42","320.19","315.44","56.28M","-0.19%"
"2023-4-13","319.00","314.66","319.48","313.47","54.61M","1.96%"
"2023-4-12","312.88","317.65","318.25","312.40","62.81M","-0.88%"
"2023-4-11","315.66","317.66","317.72","315.14","40.11M","-0.64%"
"2023-4-10","317.70","314.90","317.75","313.09","45.13M","-0.06%"
"2023-4-6","317.88","314.08","318.38","312.66","46.92M","0.67%"
"2023-4-5","315.75","317.93","318.89","313.91","62.80M","-0.99%"
"2023-4-4","318.90","320.43","321.46","317.66","45.88M","-0.34%"
"2023-4-3","319.98","318.60","320.25","317.25","47.13M","-0.24%"
"2023-3-31","320.76","315.74","321.00","315.43","62.14M","1.66%"
"2023-3-30","315.51","315.07","316.15","312.64","58.35M","0.95%"
"2023-3-29","312.56","310.72","313.19","309.89","53.27M","1.82%"
"2023-3-28","306.96","308.01","308.04","304.61","48.59M","-0.53%"
"2023-3-27","308.60","311.44","312.54","307.73","50.29M","-0.69%"
"2023-3-24","310.73","309.16","310.83","306.79","57.25M","0.37%"
"2023-3-23","309.59","309.76","313.99","306.85","74.58M","1.19%"
"2023-3-22","305.96","310.11","315.08","305.79","75.79M","-1.36%"
"2023-3-21","310.18","307.78","310.64","306.23","49.76M","1.43%"
"2023-3-20","305.81","304.10","306.14","301.85","56.36M","0.20%"
"2023-3-17","305.20","306.56","308.99","303.21","89.92M","-0.47%"
"2023-3-16","306.65","297.84","307.02","297.03","98.56M","2.64%"
"2023-3-15","298.77","294.56","299.11","293.09","83.63M","0.52%"
"2023-3-14","297.21","294.16","297.77","293.30","73.60M","2.30%"
"2023-3-13","290.54","286.58","294.32","285.04","97.12M","0.74%"
"2023-3-10","288.40","292.68","294.20","287.23","98.59M","-1.40%"
"2023-3-9","292.51","298.17","300.82","291.68","71.46M","-1.73%"
"2023-3-8","297.66","296.61","298.27","294.73","50.88M","0.50%"
"2023-3-7","296.18","299.91","300.85","295.56","65.96M","-1.23%"
"2023-3-6","299.86","300.78","303.84","299.66","56.74M","0.11%"
"2023-3-3","299.52","295.23","299.76","294.72","60.51M","2.07%"
"2023-3-2","293.46","288.51","294.28","288.22","53.74M","0.83%"
"2023-3-1","291.05","293.11","293.78","290.05","58.29M","-0.80%"
"2023-2-28","293.41","293.15","295.97","292.81","48.24M","-0.13%"
"2023-2-27","293.79","294.92","296.33","293.19","49.00M","0.72%"
"2023-2-24","291.70","291.61","292.82","289.90","74.33M","-1.67%"
"2023-2-23","296.66","297.81","297.97","292.40","69.29M","0.87%"
"2023-2-22","294.10","294.47","296.20","292.41","51.39M","0.07%"
"2023-2-21","293.88","297.10","298.57","293.74","46.53M","-2.37%"
"2023-2-17","301.00","300.91","301.77","297.94","58.23M","-0.71%"
"2023-2-16","303.14","304.22","308.27","302.99","59.50M","-1.88%"
"2023-2-15","308.94","304.74","309.11","304.04","43.43M","0.77%"
"2023-2-14","306.59","302.73","307.56","300.75","64.08M","0.74%"
"2023-2-13","304.34","300.97","304.94","299.77","39.64M","1.60%"
"2023-2-10","299.54","299.32","301.41","297.09","50.05M","-0.66%"
"2023-2-9","301.52","308.68","308.83","300.04","49.14M","-0.88%"
"2023-2-8","304.21","308.38","309.34","303.51","56.72M","-1.78%"
"2023-2-7","309.72","303.30","310.87","302.16","67.58M","2.07%"
"2023-2-6","303.43","303.35","305.75","302.06","40.80M","-0.85%"
"2023-2-3","306.02","304.78","312.23","304.38","76.17M","-1.78%"
"2023-2-2","311.56","307.41","313.52","306.57","83.07M","3.59%"
"2023-2-1","300.76","294.26","303.27","292.15","67.56M","2.14%"
"2023-1-31","294.47","290.16","294.57","290.05","46.71M","1.50%"
"2023-1-30","290.12","292.78","294.23","289.74","49.41M","-2.02%"
"2023-1-27","296.10","291.85","298.10","291.73","56.44M","1.00%"
"2023-1-26","293.19","291.07","293.37","288.37","51.60M","1.95%"
"2023-1-25","287.58","283.62","288.21","281.03","50.87M","-0.22%"
"2023-1-24","288.22","287.16","289.40","286.63","44.88M","-0.20%"
"2023-1-23","288.81","283.39","290.06","282.58","52.80M","2.22%"
"2023-1-20","282.53","276.64","282.87","275.57","60.61M","2.74%"
"2023-1-19","275.01","276.08","277.23","273.75","44.15M","-0.98%"
"2023-1-18","277.73","282.96","284.54","277.52","47.75M","-1.30%"
"2023-1-17","281.39","280.62","282.70","279.43","36.27M","0.20%"
"2023-1-13","280.82","276.35","281.07","276.02","44.80M","0.69%"
"2023-1-12","278.90","277.97","279.95","273.60","60.60M","0.54%"
"2023-1-11","277.40","273.78","277.51","272.98","44.08M","1.73%"
"2023-1-10","272.69","269.35","272.80","268.83","35.25M","0.85%"
"2023-1-9","270.40","270.69","275.15","269.78","45.57M","0.65%"
"2023-1-6","268.66","263.21","269.80","260.20","54.66M","2.76%"
"2023-1-5","261.44","263.90","264.07","261.12","45.40M","-1.57%"
"2023-1-4","265.60","266.50","267.31","262.39","47.75M","0.48%"
"2023-1-3","264.34","268.51","270.01","261.99","42.34M","-0.68%"
"2022-12-30","266.14","263.48","266.27","262.15","37.86M","-0.06%"
"2022-12-29","266.30","262.82","267.26","262.11","45.89M","2.44%"
"2022-12-28","259.96","263.03","265.33","259.59","47.14M","-1.32%"
"2022-12-27","263.44","266.60","266.71","262.89","38.01M","-1.41%"
"2022-12-23","267.22","265.33","267.90","263.39","39.37M","0.22%"
"2022-12-22","266.62","270.24","270.37","262.32","60.28M","-2.45%"
"2022-12-21","273.31","270.46","274.64","269.60","46.39M","1.45%"
"2022-12-20","269.40","268.42","271.18","266.81","51.06M","-0.08%"
"2022-12-19","269.61","273.73","273.82","268.35","44.17M","-1.64%"
"2022-12-16","274.11","276.05","277.62","272.47","68.30M","-0.95%"
"2022-12-15","276.74","282.18","282.86","275.53","60.55M","-3.36%"
"2022-12-14","286.36","287.90","291.26","283.04","64.98M","-0.74%"
"2022-12-13","288.50","296.49","296.72","285.76","80.67M","1.08%"
"2022-12-12","285.43","282.07","285.49","281.01","35.73M","1.26%"
"2022-12-9","281.89","282.66","285.49","281.44","47.86M","-0.64%"
"2022-12-8","283.70","281.76","284.69","279.64","42.59M","1.18%"
"2022-12-7","280.38","280.32","282.42","278.63","45.61M","-0.41%"
"2022-12-6","281.53","287.33","287.47","280.11","53.94M","-2.07%"
"2022-12-5","287.49","290.23","291.53","286.00","41.48M","-1.68%"
"2022-12-2","292.40","288.39","293.30","288.21","53.58M","-0.40%"
"2022-12-1","293.57","293.54","295.59","290.73","51.55M","0.12%"
"2022-11-30","293.21","280.69","293.32","279.82","74.72M","4.56%"
"2022-11-29","280.42","282.79","283.20","279.02","35.62M","-0.76%"
"2022-11-28","282.56","284.75","286.81","281.61","38.88M","-1.47%"
"2022-11-25","286.77","287.04","287.76","286.27","15.50M","-0.66%"
"2022-11-23","288.67","285.82","289.31","285.64","46.39M","1.00%"
"2022-11-22","285.80","282.49","285.96","280.31","41.87M","1.44%"
"2022-11-21","281.74","283.25","284.43","280.89","40.08M","-1.03%"
"2022-11-18","284.67","287.74","287.84","282.17","53.59M","0.00%"
"2022-11-17","284.66","280.73","286.17","280.57","55.46M","-0.22%"
"2022-11-16","285.29","287.24","289.33","284.45","48.86M","-1.36%"
"2022-11-15","289.24","292.06","293.11","285.82","73.99M","1.38%"
"2022-11-14","285.29","285.71","289.06","284.29","55.08M","-0.88%"
"2022-11-11","287.81","282.41","288.49","281.04","66.96M","1.84%"
"2022-11-10","282.60","275.87","282.90","273.71","99.26M","7.38%"
"2022-11-9","263.18","267.62","268.42","262.89","64.86M","-2.31%"
"2022-11-8","269.40","269.00","272.71","265.38","63.21M","0.73%"
"2022-11-7","267.45","265.61","268.00","263.43","47.33M","1.10%"
"2022-11-4","264.54","265.39","266.47","258.94","78.31M","1.61%"
"2022-11-3","260.35","262.87","264.36","259.96","70.04M","-1.95%"
"2022-11-2","265.54","274.94","278.06","265.47","79.80M","-3.43%"
"2022-11-1","274.97","281.35","281.92","274.60","45.90M","-1.02%"
"2022-10-31","277.80","278.77","279.61","275.85","47.74M","-1.16%"
"2022-10-28","281.07","272.09","281.55","271.92","62.65M","3.06%"
"2022-10-27","272.73","276.64","278.13","272.20","57.76M","-1.82%"
"2022-10-26","277.78","278.31","283.83","277.28","63.90M","-2.21%"
"2022-10-25","284.06","279.26","284.45","277.75","59.01M","2.07%"
"2022-10-24","278.30","275.55","279.25","271.83","63.96M","1.10%"
"2022-10-21","275.28","267.84","275.82","266.68","77.90M","2.34%"
"2022-10-20","268.97","269.44","274.70","267.78","60.61M","-0.51%"
"2022-10-19","270.35","269.79","273.54","267.93","53.12M","-0.36%"
"2022-10-18","271.34","276.38","277.06","268.60","69.78M","0.79%"
"2022-10-17","269.21","266.70","270.10","266.60","64.58M","3.30%"
"2022-10-14","260.60","271.06","271.67","260.00","77.24M","-3.01%"
"2022-10-13","268.68","255.03","270.03","254.13","112.89M","2.35%"
"2022-10-12","262.52","263.26","265.22","261.81","50.58M","-0.03%"
"2022-10-11","262.61","264.56","267.49","260.89","66.52M","-1.37%"
"2022-10-10","266.27","269.16","269.56","263.50","60.39M","-1.00%"
"2022-10-7","268.96","274.88","275.01","267.60","71.35M","-3.81%"
"2022-10-6","279.61","280.81","284.03","279.28","53.49M","-0.79%"
"2022-10-5","281.83","278.13","283.66","275.28","55.77M","-0.05%"
"2022-10-4","281.98","278.84","282.70","278.84","66.70M","3.14%"
"2022-10-3","273.39","268.93","275.02","267.39","61.27M","2.35%"
"2022-9-30","267.12","270.89","275.05","266.96","78.48M","-1.70%"
"2022-9-29","271.73","275.72","276.11","268.70","81.22M","-2.88%"
"2022-9-28","279.79","274.32","281.10","272.80","79.65M","1.99%"
"2022-9-27","274.34","277.66","280.06","271.97","69.78M","0.04%"
"2022-9-26","274.23","274.89","279.34","273.42","71.18M","-0.41%"
"2022-9-23","275.37","277.40","277.70","271.88","74.82M","-1.63%"
"2022-9-22","279.92","281.85","282.88","278.67","62.76M","-1.23%"
"2022-9-21","283.41","289.44","293.80","283.27","82.93M","-1.79%"
"2022-9-20","288.58","288.34","290.92","286.23","51.27M","-0.80%"
"2022-9-19","290.90","285.95","291.06","285.89","52.61M","0.60%"
"2022-9-16","289.17","287.57","289.57","285.47","79.92M","-0.61%"
"2022-9-15","290.95","293.92","296.37","289.31","65.30M","-1.67%"
"2022-9-14","295.87","294.71","296.77","292.91","54.91M","0.79%"
"2022-9-13","293.55","301.64","302.86","292.63","79.56M","-5.48%"
"2022-9-12","310.58","308.34","310.92","308.02","45.91M","1.19%"
"2022-9-9","306.93","302.67","307.44","300.36","56.13M","2.19%"
"2022-9-8","300.36","296.69","301.71","295.29","55.65M","0.52%"
"2022-9-7","298.81","293.39","299.83","293.12","49.26M","2.02%"
"2022-9-6","292.90","295.50","296.44","290.72","57.01M","-0.72%"
"2022-9-2","295.02","302.18","303.59","293.37","64.67M","-1.41%"
"2022-9-1","299.24","296.56","299.62","292.80","57.99M","0.04%"
"2022-8-31","299.11","303.83","304.75","299.00","50.04M","-0.58%"
"2022-8-30","300.86","305.94","306.57","298.28","51.18M","-1.11%"
"2022-8-29","304.25","304.46","307.06","303.12","48.32M","-0.99%"
"2022-8-26","307.28","320.11","321.34","307.19","69.05M","-4.10%"
"2022-8-25","320.41","316.66","320.43","315.59","38.10M","1.77%"
"2022-8-24","314.84","313.45","316.70","312.83","38.06M","0.29%"
"2022-8-23","313.94","313.96","316.83","313.17","39.50M","-0.08%"
"2022-8-22","314.20","318.33","318.57","313.37","51.10M","-2.63%"
"2022-8-19","322.69","326.00","326.67","321.91","51.77M","-1.95%"
"2022-8-18","329.11","328.27","330.32","326.62","41.94M","0.24%"
"2022-8-17","328.32","328.90","331.26","326.19","47.84M","-1.14%"
"2022-8-16","332.11","331.88","334.25","328.99","41.19M","-0.23%"
"2022-8-15","332.89","329.25","333.39","329.23","38.27M","0.81%"
"2022-8-12","330.22","326.00","330.41","324.93","40.93M","1.95%"
"2022-8-11","323.91","328.13","330.19","323.19","45.90M","-0.57%"
"2022-8-10","325.76","324.42","326.06","321.89","51.46M","2.79%"
"2022-8-9","316.91","318.60","318.86","315.25","39.76M","-1.13%"
"2022-8-8","320.54","322.52","326.30","319.04","44.07M","-0.32%"
"2022-8-5","321.58","319.02","323.66","318.22","53.89M","-0.82%"
"2022-8-4","324.23","322.80","324.55","320.60","38.97M","0.47%"
"2022-8-3","322.72","315.88","323.56","315.82","53.74M","2.72%"
"2022-8-2","314.16","312.76","318.38","311.68","48.68M","-0.30%"
"2022-8-1","315.10","313.49","318.64","312.37","46.36M","-0.06%"
"2022-7-29","315.29","311.22","316.22","309.77","57.50M","1.82%"
"2022-7-28","309.65","306.43","310.23","302.59","55.14M","0.98%"
"2022-7-27","306.65","298.88","308.38","298.30","69.30M","4.22%"
"2022-7-26","294.22","298.37","298.63","293.39","50.07M","-1.96%"
"2022-7-25","300.11","301.86","302.34","298.06","40.58M","-0.57%"
"2022-7-22","301.83","306.27","308.39","299.96","57.13M","-1.75%"
"2022-7-21","307.22","303.34","307.27","300.62","55.05M","1.44%"
"2022-7-20","302.87","298.57","304.08","297.78","67.77M","1.59%"
"2022-7-19","298.14","292.96","298.44","291.32","55.17M","3.07%"
"2022-7-18","289.25","294.57","296.00","288.05","59.52M","-0.85%"
"2022-7-15","291.72","289.58","291.83","287.93","63.82M","1.81%"
"2022-7-14","286.52","282.84","287.41","279.65","63.74M","0.36%"
"2022-7-13","285.50","280.45","287.90","279.87","73.94M","-0.21%"
"2022-7-12","286.09","290.17","292.13","284.46","55.80M","-0.97%"
"2022-7-11","288.89","292.73","292.96","287.99","55.27M","-2.13%"
"2022-7-8","295.19","291.93","296.59","290.97","59.90M","0.12%"
"2022-7-7","294.83","289.48","295.54","289.48","56.62M","2.14%"
"2022-7-6","288.65","287.20","290.80","285.44","63.19M","0.64%"
"2022-7-5","286.81","278.16","286.93","276.60","61.83M","1.71%"
"2022-7-1","281.98","278.80","282.38","276.88","56.68M","0.66%"
"2022-6-30","280.13","280.60","283.80","275.64","79.31M","-1.24%"
"2022-6-29","283.65","283.25","285.19","280.69","57.30M","0.09%"
"2022-6-28","283.39","292.85","295.49","283.20","61.87M","-3.05%"
"2022-6-27","292.30","295.84","296.42","291.14","54.15M","-0.73%"
"2022-6-24","294.46","287.59","294.89","287.35","58.42M","3.43%"
"2022-6-23","284.70","283.06","285.57","280.16","57.46M","1.49%"
"2022-6-22","280.52","278.37","285.03","277.76","67.47M","-0.15%"
"2022-6-21","280.93","278.60","283.30","278.49","51.63M","2.32%"
"2022-6-17","274.55","272.04","277.04","270.37","82.70M","1.22%"
"2022-6-16","271.25","275.45","275.92","269.14","81.91M","-4.03%"
"2022-6-15","282.65","279.27","286.68","276.46","86.05M","2.49%"
"2022-6-14","275.77","277.51","278.51","273.19","64.70M","0.18%"
"2022-6-13","275.27","279.60","282.19","274.39","94.44M","-4.65%"
"2022-6-10","288.69","293.50","294.72","288.23","85.96M","-3.53%"
"2022-6-9","299.24","305.75","308.89","299.07","55.90M","-2.68%"
"2022-6-8","307.48","308.89","311.56","306.61","38.34M","-0.72%"
"2022-6-7","309.71","303.65","310.51","302.53","44.90M","0.86%"
"2022-6-6","307.06","310.59","312.19","305.46","51.79M","0.33%"
"2022-6-3","306.04","308.87","310.31","304.76","60.91M","-2.60%"
"2022-6-2","314.21","304.69","314.39","303.24","59.29M","2.74%"
"2022-6-1","305.84","310.31","312.49","303.57","65.34M","-0.74%"
"2022-5-31","308.12","308.91","311.17","304.17","60.97M","-0.27%"
"2022-5-27","308.94","302.38","309.09","302.26","66.99M","3.27%"
"2022-5-26","299.17","290.29","300.76","290.00","59.46M","2.77%"
"2022-5-25","291.11","285.56","293.24","285.35","67.14M","1.40%"
"2022-5-24","287.09","287.97","288.71","282.10","73.49M","-2.13%"
"2022-5-23","293.33","289.60","293.72","287.14","63.65M","1.66%"
"2022-5-20","288.53","292.98","293.65","280.06","91.76M","-0.31%"
"2022-5-19","289.43","289.14","294.24","287.43","79.92M","-0.54%"
"2022-5-18","290.99","301.38","302.09","289.70","79.48M","-4.91%"
"2022-5-17","306.01","304.29","306.40","300.39","62.72M","2.59%"
"2022-5-16","298.28","299.99","302.10","296.97","59.19M","-1.16%"
"2022-5-13","301.78","295.56","302.84","293.93","83.68M","3.70%"
"2022-5-12","291.00","287.30","295.59","284.79","120.91M","-0.24%"
"2022-5-11","291.69","298.28","303.93","290.80","140.33M","-2.96%"
"2022-5-10","300.60","304.35","305.60","296.41","124.12M","1.22%"
"2022-5-9","296.99","303.32","309.19","295.56","113.39M","-3.91%"
"2022-5-6","309.09","310.79","314.92","304.94","139.57M","-1.20%"
"2022-5-5","312.84","325.00","325.08","309.46","154.61M","-5.04%"
"2022-5-4","329.43","319.14","330.12","313.73","116.08M","3.38%"
"2022-5-3","318.65","318.33","321.00","315.81","78.19M","0.11%"
"2022-5-2","318.31","312.67","318.55","309.48","115.51M","1.67%"
"2022-4-29","313.09","323.53","327.05","312.44","91.98M","-4.50%"
"2022-4-28","327.84","321.68","329.72","317.35","99.45M","3.55%"
"2022-4-27","316.59","317.07","322.71","314.83","111.20M","-0.12%"
"2022-4-26","316.97","327.30","327.49","316.69","105.82M","-3.78%"
"2022-4-25","329.41","323.56","329.73","322.26","101.76M","1.29%"
"2022-4-22","325.23","334.13","335.38","324.79","82.56M","-2.62%"
"2022-4-21","333.97","345.01","347.69","333.03","75.80M","-2.07%"
"2022-4-20","341.03","346.91","347.38","339.78","65.50M","-1.46%"
"2022-4-19","346.08","337.85","346.67","336.80","56.52M","2.24%"
"2022-4-18","338.51","337.17","340.86","335.61","58.56M","0.08%"
"2022-4-14","338.25","346.26","346.79","338.03","73.52M","-2.29%"
"2022-4-13","346.17","339.62","347.25","338.88","61.37M","2.03%"
"2022-4-12","339.27","345.58","347.51","337.86","72.79M","-0.42%"
"2022-4-11","340.71","344.63","345.57","340.36","66.11M","-2.37%"
"2022-4-8","348.97","352.14","352.90","348.32","61.96M","-1.40%"
"2022-4-7","353.91","352.06","356.16","348.51","63.78M","0.24%"
"2022-4-6","353.07","355.46","356.59","350.38","90.08M","-2.17%"
"2022-4-5","360.91","367.62","368.35","359.74","62.74M","-2.22%"
"2022-4-4","369.11","362.52","369.12","362.25","45.95M","2.06%"
"2022-4-1","361.66","362.62","363.42","358.40","54.53M","-0.19%"
"2022-3-31","362.35","367.05","367.41","361.49","67.01M","-1.24%"
"2022-3-30","366.90","369.08","370.79","365.38","68.76M","-1.11%"
"2022-3-29","371.00","368.71","371.63","365.87","68.07M","1.72%"
"2022-3-28","364.72","359.15","364.82","357.88","56.83M","1.55%"
"2022-3-25","359.16","359.40","360.48","354.76","57.58M","-0.08%"
"2022-3-24","359.46","353.61","359.51","351.41","53.56M","2.22%"
"2022-3-23","351.65","353.82","357.47","351.59","70.62M","-1.44%"
"2022-3-22","356.77","350.41","357.66","350.02","63.35M","1.96%"
"2022-3-21","349.90","350.02","352.29","345.39","73.80M","-0.40%"
"2022-3-18","351.31","342.56","351.61","341.37","85.45M","2.05%"
"2022-3-17","344.26","338.19","344.32","336.86","67.81M","1.21%"
"2022-3-16","340.14","332.00","340.26","328.23","105.24M","3.71%"
"2022-3-15","327.98","320.71","328.78","319.06","76.47M","3.14%"
"2022-3-14","318.00","322.96","326.42","317.28","79.80M","-1.92%"
"2022-3-11","324.23","334.14","334.46","323.73","66.23M","-2.07%"
"2022-3-10","331.10","330.65","332.34","326.54","69.36M","-1.11%"
"2022-3-9","334.81","331.58","336.20","328.92","64.72M","3.60%"
"2022-3-8","323.18","323.88","333.04","319.77","116.15M","-0.47%"
"2022-3-7","324.69","337.11","338.30","324.48","89.93M","-3.69%"
"2022-3-4","337.12","339.66","341.13","334.74","77.01M","-1.45%"
"2022-3-3","342.08","349.75","349.86","340.17","71.09M","-1.43%"
"2022-3-2","347.04","342.90","348.41","340.06","70.61M","1.68%"
"2022-3-1","341.31","345.57","347.90","338.72","67.41M","-1.53%"
"2022-2-28","346.62","342.33","348.36","341.14","77.52M","0.30%"
"2022-2-25","345.59","341.13","345.80","337.21","78.84M","1.55%"
"2022-2-24","340.31","318.67","340.86","318.09","130.61M","3.36%"
"2022-2-23","329.25","341.14","342.00","328.93","86.22M","-2.56%"
"2022-2-22","337.90","338.31","343.86","334.17","85.97M","-1.00%"
"2022-2-18","341.33","346.23","346.63","338.96","80.00M","-1.14%"
"2022-2-17","345.27","352.55","353.27","344.84","61.80M","-2.97%"
"2022-2-16","355.85","353.63","356.90","350.53","58.95M","-0.03%"
"2022-2-15","355.94","352.72","356.18","351.64","55.39M","2.48%"
"2022-2-14","347.31","346.31","350.80","343.71","80.25M","0.12%"
"2022-2-11","346.88","358.24","359.88","345.62","101.57M","-3.17%"
"2022-2-10","358.24","359.33","366.30","356.35","112.47M","-2.26%"
"2022-2-9","366.54","363.57","366.62","361.93","55.77M","2.12%"
"2022-2-8","358.93","353.77","360.05","352.61","64.72M","1.12%"
"2022-2-7","354.94","358.43","360.86","353.65","58.20M","-0.80%"
"2022-2-4","357.82","353.89","361.21","351.79","86.32M","1.26%"
"2022-2-3","353.36","358.34","361.74","352.27","95.38M","-4.06%"
"2022-2-2","368.30","369.57","369.91","364.09","78.78M","0.81%"
"2022-2-1","365.33","364.24","366.00","358.95","74.43M","0.68%"
"2022-1-31","362.86","353.01","363.46","351.34","94.33M","3.20%"
"2022-1-28","351.62","342.85","351.84","337.77","108.17M","3.14%"
"2022-1-27","340.92","349.22","351.09","339.87","95.26M","-1.01%"
"2022-1-26","344.39","352.72","356.69","340.60","146.56M","-0.16%"
"2022-1-25","344.93","346.49","350.85","341.50","124.40M","-2.32%"
"2022-1-24","353.11","345.72","353.79","333.97","199.45M","0.46%"
"2022-1-21","351.51","359.28","361.99","351.22","143.39M","-2.77%"
"2022-1-20","361.53","369.60","373.67","360.98","88.61M","-1.30%"
"2022-1-19","366.29","371.95","374.49","366.02","81.79M","-1.10%"
"2022-1-18","370.36","373.84","376.02","369.58","75.81M","-2.49%"
"2022-1-14","379.81","374.87","380.15","374.66","80.12M","0.62%"
"2022-1-13","377.46","388.57","389.27","376.50","77.99M","-2.50%"
"2022-1-12","387.15","388.26","390.00","384.81","54.58M","0.40%"
"2022-1-11","385.62","379.16","385.79","377.02","68.30M","1.50%"
"2022-1-10","379.91","374.62","380.44","369.12","91.77M","0.07%"
"2022-1-7","379.66","383.83","385.56","377.84","72.65M","-1.08%"
"2022-1-6","383.82","382.22","387.15","379.93","70.81M","-0.07%"
"2022-1-5","384.09","394.53","395.68","383.83","75.74M","-3.07%"
"2022-1-4","396.26","402.03","402.07","393.08","58.03M","-1.30%"
"2022-1-3","401.47","398.84","401.73","396.67","40.58M","0.96%"
"2021-12-31","397.64","399.45","400.85","397.13","34.75M","-0.62%"
"2021-12-30","400.14","401.12","403.36","399.54","23.85M","-0.30%"
"2021-12-29","401.34","401.54","402.84","398.90","32.25M","-0.01%"
"2021-12-28","401.40","404.19","404.37","400.50","33.11M","-0.46%"
"2021-12-27","403.27","398.04","403.27","398.01","32.82M","1.65%"
"2021-12-23","396.71","394.10","398.22","393.93","29.60M","0.75%"
"2021-12-22","393.74","388.71","393.95","388.03","37.04M","1.22%"
"2021-12-21","389.01","383.85","389.33","380.00","48.90M","2.24%"
"2021-12-20","380.49","379.37","381.30","377.27","65.34M","-1.10%"
"2021-12-17","384.71","383.13","388.99","381.57","81.64M","-0.50%"
"2021-12-16","386.64","397.83","398.27","385.01","82.59M","-2.57%"
"2021-12-15","396.84","387.74","397.21","383.68","73.86M","2.28%"
"2021-12-14","388.00","387.10","389.89","383.43","75.20M","-1.03%"
"2021-12-13","392.05","397.79","398.12","391.67","50.17M","-1.45%"
"2021-12-10","397.80","396.41","398.07","393.15","52.55M","1.09%"
"2021-12-9","393.52","398.14","399.99","393.32","49.97M","-1.47%"
"2021-12-8","399.40","397.96","399.61","396.01","39.20M","0.45%"
"2021-12-7","397.62","392.82","398.25","392.78","56.01M","3.01%"
"2021-12-6","386.00","383.43","387.40","379.10","67.59M","0.80%"
"2021-12-3","382.93","391.10","392.13","378.70","105.35M","-1.74%"
"2021-12-2","389.71","385.60","391.53","384.14","84.42M","0.72%"
"2021-12-1","386.92","398.07","400.27","386.44","78.38M","-1.70%"
"2021-11-30","393.61","398.57","400.98","391.54","81.33M","-1.47%"
"2021-11-29","399.48","395.68","400.52","394.93","54.45M","2.17%"
"2021-11-26","390.99","395.90","397.33","389.57","51.53M","-1.90%"
"2021-11-24","398.55","394.72","398.84","392.33","46.95M","0.32%"
"2021-11-23","397.27","397.90","400.02","392.71","70.10M","-0.46%"
"2021-11-22","399.09","405.36","408.50","398.98","61.72M","-1.16%"
"2021-11-19","403.78","403.22","405.09","402.37","45.19M","0.56%"
"2021-11-18","401.54","399.52","402.06","397.24","45.72M","1.04%"
"2021-11-17","397.42","397.54","399.51","396.43","28.70M","0.05%"
"2021-11-16","397.21","393.65","397.72","393.45","27.87M","0.71%"
"2021-11-15","394.40","395.70","396.03","391.89","33.72M","-0.02%"
"2021-11-12","394.49","391.56","395.04","389.93","34.73M","1.05%"
"2021-11-11","390.38","392.36","392.54","390.04","32.24M","0.27%"
"2021-11-10","389.31","392.26","395.15","387.33","54.94M","-1.47%"
"2021-11-9","395.11","398.95","399.36","393.71","50.49M","-0.69%"
"2021-11-8","397.85","398.36","399.41","397.19","29.26M","-0.14%"
"2021-11-5","398.39","399.83","400.78","396.95","43.38M","0.10%"
"2021-11-4","398.01","394.27","398.99","393.71","40.27M","1.28%"
"2021-11-3","392.97","389.35","393.40","388.28","33.75M","1.06%"
"2021-11-2","388.85","386.60","389.34","386.55","25.14M","0.42%"
"2021-11-1","387.23","386.36","387.36","384.22","30.77M","0.34%"
"2021-10-29","385.91","380.86","386.08","380.50","37.31M","0.49%"
"2021-10-28","384.02","381.75","384.28","380.95","38.01M","1.11%"
"2021-10-27","379.80","379.38","382.95","379.11","45.76M","0.23%"
"2021-10-26","378.92","380.03","382.51","377.71","47.19M","0.32%"
"2021-10-25","377.73","375.36","378.67","373.36","32.60M","1.02%"
"2021-10-22","373.90","375.78","376.77","372.19","36.28M","-0.84%"
"2021-10-21","377.07","373.96","377.27","373.65","25.47M","0.61%"
"2021-10-20","374.78","375.74","376.37","373.26","31.39M","-0.13%"
"2021-10-19","375.27","373.55","375.32","372.50","29.09M","0.76%"
"2021-10-18","372.45","367.42","372.67","366.80","34.51M","1.00%"
"2021-10-15","368.75","367.69","368.87","366.63","40.42M","0.63%"
"2021-10-14","366.44","363.50","366.66","362.82","43.43M","1.84%"
"2021-10-13","359.81","359.32","360.50","357.24","40.12M","0.80%"
"2021-10-12","356.95","359.69","360.14","356.29","43.91M","-0.35%"
"2021-10-11","358.20","359.39","363.01","358.11","34.85M","-0.77%"
"2021-10-8","360.97","363.89","364.13","360.42","41.82M","-0.50%"
"2021-10-7","362.78","362.61","365.50","362.06","39.41M","0.92%"
"2021-10-6","359.48","353.89","359.76","352.96","56.81M","0.64%"
"2021-10-5","357.19","353.52","359.50","353.29","47.23M","1.35%"
"2021-10-4","352.43","358.33","358.67","350.14","76.77M","-2.10%"
"2021-10-1","359.99","358.41","361.06","354.19","56.38M","0.62%"
"2021-9-30","357.77","360.78","362.49","356.91","61.38M","-0.37%"
"2021-9-29","359.09","360.98","363.18","358.45","58.08M","-0.16%"
"2021-9-28","359.68","365.48","370.11","359.16","97.70M","-2.83%"
"2021-9-27","370.16","370.01","371.06","367.54","43.34M","-0.80%"
"2021-9-24","373.13","370.46","373.56","370.08","36.06M","0.09%"
"2021-9-23","372.78","370.57","373.84","369.90","44.65M","0.92%"
"2021-9-22","369.38","366.90","370.88","365.77","46.97M","0.93%"
"2021-9-21","365.96","367.39","368.62","364.80","41.93M","0.12%"
"2021-9-20","365.51","367.27","369.06","360.74","76.20M","-2.17%"
"2021-9-17","373.63","377.62","377.67","372.56","60.91M","-1.18%"
"2021-9-16","378.11","376.48","378.70","374.50","35.19M","0.07%"
"2021-9-15","377.85","375.53","378.21","373.17","34.10M","0.74%"
"2021-9-14","375.06","377.66","378.41","374.08","41.83M","-0.28%"
"2021-9-13","376.13","378.79","379.23","374.02","48.74M","-0.07%"
"2021-9-10","376.39","381.03","381.77","376.05","40.25M","-0.76%"
"2021-9-9","379.27","380.81","381.95","379.02","29.40M","-0.34%"
"2021-9-8","380.58","381.73","381.73","378.25","32.95M","-0.35%"
"2021-9-7","381.91","381.48","382.58","380.29","23.97M","0.14%"
"2021-9-3","381.37","379.02","381.78","379.00","24.62M","0.31%"
"2021-9-2","380.20","381.77","382.11","378.95","25.50M","-0.05%"
"2021-9-1","380.38","380.84","382.51","380.17","28.14M","0.17%"
"2021-8-31","379.75","380.31","380.38","378.16","29.63M","-0.08%"
"2021-8-30","380.06","376.65","380.56","376.63","27.30M","1.12%"
"2021-8-27","375.84","372.87","376.36","372.37","27.10M","0.97%"
"2021-8-26","372.22","373.72","374.42","371.77","29.13M","-0.64%"
"2021-8-25","374.60","374.43","375.19","373.66","20.44M","0.11%"
"2021-8-24","374.17","373.64","374.79","373.16","21.73M","0.31%"
"2021-8-23","373.03","368.61","373.74","368.60","34.03M","1.49%"
"2021-8-20","367.54","364.87","367.95","364.55","39.49M","1.04%"
"2021-8-19","363.77","360.03","365.49","359.77","48.50M","0.48%"
"2021-8-18","362.02","364.99","366.43","361.68","38.54M","-0.96%"
"2021-8-17","365.54","365.96","366.96","363.04","44.79M","-0.88%"
"2021-8-16","368.79","367.48","368.83","363.51","35.04M","0.04%"
"2021-8-13","368.63","367.70","368.97","367.19","19.34M","0.35%"
"2021-8-12","367.34","365.50","367.71","364.10","26.00M","0.36%"
"2021-8-11","366.02","367.95","368.46","364.65","34.25M","-0.17%"
"2021-8-10","366.65","369.07","369.37","365.43","35.13M","-0.51%"
"2021-8-9","368.54","368.33","369.08","367.20","25.96M","0.18%"
"2021-8-6","367.86","368.18","369.18","366.71","33.33M","-0.44%"
"2021-8-5","369.48","367.99","369.72","367.26","21.44M","0.63%"
"2021-8-4","367.15","366.58","368.13","365.44","29.60M","0.14%"
"2021-8-3","366.62","365.09","366.74","361.81","35.56M","0.61%"
"2021-8-2","364.41","366.09","366.69","363.68","27.33M","0.01%"
"2021-7-30","364.38","362.25","364.98","362.22","36.48M","-0.52%"
"2021-7-29","366.29","365.06","367.49","365.06","25.67M","0.18%"
"2021-7-28","365.64","365.41","367.26","363.05","42.07M","0.38%"
"2021-7-27","364.24","368.03","368.03","359.97","57.93M","-1.10%"
"2021-7-26","368.30","367.30","368.70","366.41","28.44M","0.08%"
"2021-7-23","368.01","365.12","368.29","363.72","31.96M","1.17%"
"2021-7-22","363.76","361.58","363.77","361.58","30.25M","0.66%"
"2021-7-21","361.37","358.16","361.37","357.93","30.26M","0.77%"
"2021-7-20","358.60","355.44","360.09","353.61","42.18M","1.16%"
"2021-7-19","354.48","353.86","354.99","351.86","64.40M","-0.82%"
"2021-7-16","357.41","361.21","362.22","357.05","47.26M","-0.81%"
"2021-7-15","360.33","362.79","363.00","358.27","53.39M","-0.70%"
"2021-7-14","362.88","364.64","365.30","362.03","35.34M","0.18%"
"2021-7-13","362.23","361.84","365.27","361.35","39.72M","0.00%"
"2021-7-12","362.23","362.26","362.70","360.64","25.72M","0.39%"
"2021-7-9","360.82","357.98","361.31","357.38","35.18M","0.62%"
"2021-7-8","358.58","355.55","359.46","354.23","50.89M","-0.60%"
"2021-7-7","360.76","362.26","362.57","358.75","35.27M","0.21%"
"2021-7-6","360.00","359.07","360.29","356.30","38.84M","0.43%"
"2021-7-2","358.45","356.33","358.78","356.09","32.73M","1.15%"
"2021-7-1","354.38","353.88","354.90","352.49","29.29M","0.04%"
"2021-6-30","354.24","354.64","355.04","353.64","32.72M","-0.16%"
"2021-6-29","354.80","353.34","354.83","352.48","29.43M","0.36%"
"2021-6-28","353.52","350.60","353.66","350.54","39.13M","1.21%"
"2021-6-25","349.28","350.29","350.54","348.66","28.68M","-0.12%"
"2021-6-24","349.71","349.55","351.28","348.99","32.58M","0.62%"
"2021-6-23","347.56","347.33","348.74","346.70","27.19M","0.05%"
"2021-6-22","347.39","343.97","347.85","343.66","28.94M","0.93%"
"2021-6-21","344.18","342.25","344.51","339.97","32.99M","0.51%"
"2021-6-18","342.45","343.45","344.63","341.68","55.41M","-0.79%"
"2021-6-17","345.16","339.79","346.20","339.74","59.72M","1.27%"
"2021-6-16","340.83","342.56","343.66","337.27","55.40M","-0.37%"
"2021-6-15","342.08","343.97","344.29","341.34","35.96M","-0.65%"
"2021-6-14","344.33","341.50","344.34","340.28","27.83M","0.96%"
"2021-6-11","341.06","340.18","341.07","339.51","21.22M","0.26%"
"2021-6-10","340.17","337.01","340.28","336.55","33.70M","1.04%"
"2021-6-9","336.66","337.99","338.79","336.47","21.49M","0.02%"
"2021-6-8","336.58","338.22","339.11","334.85","27.28M","0.05%"
"2021-6-7","336.42","334.87","336.48","334.16","32.61M","0.30%"
"2021-6-4","335.42","331.68","335.88","331.61","38.74M","1.69%"
"2021-6-3","329.83","330.38","331.69","328.11","37.06M","-1.04%"
"2021-6-2","333.29","333.08","334.16","331.52","22.05M","0.19%"
"2021-6-1","332.65","335.12","335.61","331.26","31.15M","-0.33%"
"2021-5-28","333.75","333.94","335.39","333.42","29.93M","0.31%"
"2021-5-27","332.71","333.49","334.36","332.50","27.93M","-0.37%"
"2021-5-26","333.95","333.48","334.43","332.78","25.44M","0.35%"
"2021-5-25","332.80","333.89","334.63","331.58","31.28M","0.14%"
"2021-5-24","332.34","329.20","333.49","326.73","32.48M","1.68%"
"2021-5-21","326.84","330.26","330.69","326.47","50.33M","-0.55%"
"2021-5-20","328.66","323.95","329.54","323.72","46.47M","1.94%"
"2021-5-19","322.42","316.49","322.73","316.13","66.32M","0.11%"
"2021-5-18","322.05","325.22","326.48","321.77","36.53M","-0.68%"
"2021-5-17","324.24","324.46","326.20","321.28","39.39M","-0.61%"
"2021-5-14","326.22","322.43","327.16","321.91","44.37M","2.21%"
"2021-5-13","319.17","319.75","322.23","316.73","69.88M","0.77%"
"2021-5-12","316.72","320.06","322.45","315.83","91.16M","-2.59%"
"2021-5-11","325.14","319.53","325.96","318.85","71.96M","-0.14%"
"2021-5-10","325.59","332.61","332.79","325.38","60.70M","-2.52%"
"2021-5-7","334.02","334.19","336.47","331.52","53.32M","0.81%"
"2021-5-6","331.34","328.59","331.50","326.28","46.81M","0.75%"
"2021-5-5","328.86","332.08","332.97","328.06","46.22M","-0.34%"
"2021-5-4","329.97","333.38","333.71","326.04","65.15M","-1.80%"
"2021-5-3","336.01","339.05","339.82","335.55","29.73M","-0.53%"
"2021-4-30","337.81","337.52","340.08","336.87","38.26M","-0.66%"
"2021-4-29","340.04","342.19","342.62","336.72","37.71M","0.36%"
"2021-4-28","338.82","339.63","340.67","338.15","33.62M","-0.34%"
"2021-4-27","339.97","341.75","341.97","338.99","33.19M","-0.43%"
"2021-4-26","341.45","339.49","341.74","338.72","30.81M","0.65%"
"2021-4-23","339.24","335.67","340.59","335.67","36.41M","1.26%"
"2021-4-22","335.02","338.71","339.72","333.83","45.94M","-1.21%"
"2021-4-21","339.11","334.91","339.30","333.79","36.60M","0.86%"
"2021-4-20","336.23","338.02","339.34","334.21","38.08M","-0.73%"
"2021-4-19","338.70","340.21","341.40","336.72","34.53M","-0.92%"
"2021-4-16","341.83","341.97","342.05","339.90","40.86M","0.12%"
"2021-4-15","341.43","339.29","341.83","336.04","36.34M","1.52%"
"2021-4-14","336.33","340.67","340.80","335.49","42.56M","-1.20%"
"2021-4-13","340.42","338.06","340.90","337.84","30.37M","1.17%"
"2021-4-12","336.49","335.86","336.92","334.55","25.83M","-0.13%"
"2021-4-9","336.93","333.50","337.14","332.75","36.66M","0.61%"
"2021-4-8","334.90","334.38","335.09","333.56","29.94M","1.04%"
"2021-4-7","331.45","330.16","332.31","329.20","32.05M","0.24%"
"2021-4-6","330.65","330.56","332.66","329.85","33.54M","-0.07%"
"2021-4-5","330.88","326.96","331.67","324.47","42.17M","2.00%"
"2021-4-1","324.40","322.90","324.54","322.64","55.69M","1.71%"
"2021-3-31","318.96","315.99","320.57","315.64","55.03M","1.53%"
"2021-3-30","314.15","313.73","314.74","311.38","44.64M","-0.50%"
"2021-3-29","315.74","315.28","316.82","312.31","54.61M","-0.03%"
"2021-3-26","315.83","310.95","316.16","309.51","63.52M","1.50%"
"2021-3-25","311.17","309.81","312.72","307.23","78.73M","-0.17%"
"2021-3-24","311.71","318.46","318.50","311.56","64.80M","-1.68%"
"2021-3-23","317.05","319.56","320.92","316.21","53.46M","-0.44%"
"2021-3-22","318.44","315.04","320.57","315.04","56.19M","1.74%"
"2021-3-19","312.98","311.71","314.56","309.50","78.45M","0.35%"
"2021-3-18","311.88","316.70","317.71","311.41","82.94M","-3.06%"
"2021-3-17","321.73","317.28","323.68","315.51","78.26M","0.41%"
"2021-3-16","320.41","320.92","324.03","318.93","54.93M","0.55%"
"2021-3-15","318.66","315.62","318.83","313.93","43.12M","1.07%"
"2021-3-12","315.29","313.70","318.06","311.23","69.32M","-0.81%"
"2021-3-11","317.87","315.60","319.69","314.68","53.48M","2.30%"
"2021-3-10","310.72","315.99","316.30","310.01","76.80M","-0.29%"
"2021-3-9","311.61","307.31","313.57","306.76","80.39M","3.95%"
"2021-3-8","299.78","307.96","309.90","299.35","88.41M","-2.83%"
"2021-3-5","308.52","306.63","309.45","297.29","121.52M","1.51%"
"2021-3-4","303.94","308.62","311.88","299.95","139.13M","-1.64%"
"2021-3-3","309.00","317.10","318.07","308.94","86.30M","-2.90%"
"2021-3-2","318.23","324.08","324.16","317.97","48.37M","-1.60%"
"2021-3-1","323.42","319.10","323.77","317.77","49.16M","3.01%"
"2021-2-26","313.98","315.68","318.94","310.72","104.74M","0.42%"
"2021-2-25","312.67","321.22","323.86","311.08","110.18M","-3.48%"
"2021-2-24","323.96","318.57","324.28","315.79","58.21M","0.82%"
"2021-2-23","321.31","316.83","323.03","310.84","97.24M","-0.30%"
"2021-2-22","322.27","326.33","327.63","322.06","47.26M","-2.59%"
"2021-2-19","330.85","333.68","333.81","329.80","39.16M","-0.44%"
"2021-2-18","332.30","330.06","333.69","328.19","32.24M","-0.43%"
"2021-2-17","333.75","332.30","335.48","330.00","31.47M","-0.48%"
"2021-2-16","335.36","337.09","338.01","334.16","27.08M","-0.27%"
"2021-2-12","336.27","333.53","336.44","332.46","20.35M","0.56%"
"2021-2-11","334.40","334.15","334.82","331.95","22.05M","0.55%"
"2021-2-10","332.58","334.81","335.28","329.33","28.07M","-0.23%"
"2021-2-9","333.33","332.45","334.63","332.44","17.60M","-0.02%"
"2021-2-8","333.40","332.93","333.56","331.24","20.46M","0.67%"
"2021-2-5","331.19","331.05","332.23","329.36","22.73M","0.34%"
"2021-2-4","330.07","327.65","330.16","326.29","22.35M","1.18%"
"2021-2-3","326.21","329.65","330.02","326.15","24.82M","-0.40%"
"2021-2-2","327.51","325.31","328.70","325.14","33.93M","1.63%"
"2021-2-1","322.25","317.94","323.37","315.85","35.65M","2.50%"
"2021-1-29","314.39","319.41","320.55","312.60","55.26M","-2.10%"
"2021-1-28","321.15","320.50","326.25","319.86","42.84M","0.59%"
"2021-1-27","319.26","326.09","326.10","317.19","55.26M","-2.79%"
"2021-1-26","328.42","328.68","329.59","327.05","25.50M","0.15%"
"2021-1-25","327.94","328.74","330.15","321.24","39.08M","0.83%"
"2021-1-22","325.25","325.12","326.29","324.54","21.61M","-0.29%"
"2021-1-21","326.19","324.98","326.96","323.56","25.32M","0.80%"
"2021-1-20","323.60","319.97","324.57","316.34","30.73M","2.33%"
"2021-1-19","316.24","314.09","316.76","312.96","24.54M","1.46%"
"2021-1-15","311.70","313.97","314.95","310.42","35.12M","-0.79%"
"2021-1-14","314.18","316.33","317.36","313.70","23.50M","-0.54%"
"2021-1-13","315.87","314.03","316.69","313.41","22.90M","0.67%"
"2021-1-12","313.76","314.29","315.41","311.04","29.27M","-0.16%"
"2021-1-11","314.25","315.81","317.02","313.59","32.87M","-1.45%"
"2021-1-8","318.86","317.17","319.22","314.92","33.96M","1.29%"
"2021-1-7","314.81","310.12","315.67","310.09","30.39M","2.42%"
"2021-1-6","307.38","306.84","311.72","305.82","52.81M","-1.39%"
"2021-1-5","311.70","308.13","311.98","308.13","29.32M","0.82%"
"2021-1-4","309.15","314.94","315.12","305.02","45.31M","-1.41%"
"2020-12-31","313.58","312.71","314.08","311.60","21.61M","0.25%"
"2020-12-30","312.81","314.00","314.32","312.17","18.14M","0.00%"
"2020-12-29","312.80","313.89","314.52","311.87","25.87M","0.09%"
"2020-12-28","312.52","312.09","313.01","310.20","22.50M","1.01%"
"2020-12-24","309.40","308.31","309.86","308.23","16.78M","0.44%"
"2020-12-23","308.04","309.65","310.02","307.87","21.20M","-0.50%"
"2020-12-22","309.60","309.69","310.55","306.68","26.38M","0.27%"
"2020-12-21","308.76","306.30","309.31","303.44","37.10M","-0.37%"
"2020-12-18","309.90","311.50","311.82","307.45","41.17M","-0.30%"
"2020-12-17","310.84","310.47","311.08","309.23","23.73M","0.65%"
"2020-12-16","308.82","307.54","309.62","306.46","25.46M","0.55%"
"2020-12-15","307.13","306.21","307.13","303.95","25.79M","1.07%"
"2020-12-14","303.88","302.92","305.89","302.85","28.80M","0.73%"
"2020-12-11","301.69","300.65","301.82","298.31","26.76M","-0.22%"
"2020-12-10","302.36","299.05","303.52","297.93","27.52M","0.40%"
"2020-12-9","301.15","307.91","308.20","300.05","48.84M","-2.27%"
"2020-12-8","308.13","306.60","308.44","304.79","18.34M","0.34%"
"2020-12-7","307.09","305.55","307.47","305.36","20.85M","0.57%"
"2020-12-4","305.36","304.17","305.51","303.47","19.33M","0.41%"
"2020-12-3","304.12","303.91","305.72","303.37","22.83M","0.14%"
"2020-12-2","303.69","302.06","304.04","300.19","23.62M","0.13%"
"2020-12-1","303.30","301.71","304.98","300.67","27.64M","1.28%"
"2020-11-30","299.46","299.14","299.81","294.63","27.84M","0.20%"
"2020-11-27","298.85","298.13","300.01","297.74","17.16M","0.92%"
"2020-11-25","296.12","295.28","296.78","294.44","23.33M","0.61%"
"2020-11-24","294.32","291.34","294.83","289.48","24.52M","1.41%"
"2020-11-23","290.24","291.26","292.60","287.92","26.88M","0.00%"
"2020-11-20","290.23","292.15","292.91","290.14","25.91M","-0.68%"
"2020-11-19","292.23","289.33","292.55","288.70","22.72M","0.78%"
"2020-11-18","289.96","291.55","293.22","289.87","28.07M","-0.74%"
"2020-11-17","292.12","293.25","293.59","291.46","21.84M","-0.32%"
"2020-11-16","293.05","290.53","293.36","289.84","30.17M","0.78%"
"2020-11-13","290.78","289.86","291.42","287.72","24.88M","0.88%"
"2020-11-12","288.25","290.57","291.92","287.10","34.52M","-0.47%"
"2020-11-11","289.61","285.77","290.10","283.23","36.10M","2.24%"
"2020-11-10","283.27","285.11","286.51","280.47","69.02M","-1.79%"
"2020-11-9","288.44","297.15","298.98","287.97","86.54M","-2.04%"
"2020-11-6","294.46","293.43","295.20","289.68","40.96M","0.07%"
"2020-11-5","294.24","293.26","295.23","291.85","52.05M","2.61%"
"2020-11-4","286.76","283.41","288.62","281.72","75.73M","4.46%"
"2020-11-3","274.51","271.72","276.67","270.70","43.60M","1.73%"
"2020-11-2","269.84","271.59","273.38","266.83","39.99M","0.22%"
"2020-10-30","269.24","274.23","275.10","266.93","65.94M","-2.53%"
"2020-10-29","276.24","272.90","279.34","272.38","43.25M","1.75%"
"2020-10-28","271.50","277.98","278.49","271.24","53.41M","-3.90%"
"2020-10-27","282.51","281.27","283.36","280.05","30.56M","0.78%"
"2020-10-26","280.32","282.17","285.15","276.61","38.42M","-1.50%"
"2020-10-23","284.59","284.64","284.76","281.63","24.66M","0.20%"
"2020-10-22","284.03","284.90","285.83","280.67","32.20M","0.00%"
"2020-10-21","284.04","284.52","287.17","283.54","29.31M","-0.08%"
"2020-10-20","284.26","284.41","287.47","282.80","32.20M","0.22%"
"2020-10-19","283.65","290.34","291.33","282.64","36.76M","-1.63%"
"2020-10-16","288.36","291.65","293.12","288.00","40.57M","-0.55%"
"2020-10-15","289.95","287.10","290.56","286.39","42.51M","-0.67%"
"2020-10-14","291.91","295.16","296.19","290.11","37.18M","-0.84%"
"2020-10-13","294.37","296.18","296.89","292.96","64.24M","0.00%"
"2020-10-12","294.38","290.45","297.30","289.32","79.37M","3.09%"
"2020-10-9","285.56","282.94","285.64","282.56","30.20M","1.53%"
"2020-10-8","281.26","282.17","282.32","280.16","25.44M","0.53%"
"2020-10-7","279.77","277.68","280.59","277.13","27.54M","1.73%"
"2020-10-6","275.02","279.14","281.04","274.11","49.70M","-1.78%"
"2020-10-5","280.01","276.19","280.34","276.08","28.18M","2.13%"
"2020-10-2","274.17","275.87","282.09","273.30","75.50M","-2.81%"
"2020-10-1","282.10","281.64","282.73","279.69","50.02M","1.59%"
"2020-9-30","277.69","275.95","280.94","275.73","49.38M","0.68%"
"2020-9-29","275.81","276.57","277.56","275.23","27.18M","-0.45%"
"2020-9-28","277.05","276.47","277.05","271.53","58.44M","2.07%"
"2020-9-25","271.42","265.68","272.25","264.16","55.24M","2.33%"
"2020-9-24","265.25","261.44","268.56","261.08","70.63M","0.47%"
"2020-9-23","264.02","272.01","272.20","263.11","48.84M","-3.06%"
"2020-9-22","272.34","269.91","272.94","266.40","41.13M","1.86%"
"2020-9-21","267.37","262.38","267.51","259.97","57.17M","0.24%"
"2020-9-18","266.73","271.48","271.95","262.49","86.25M","-1.28%"
"2020-9-17","270.18","267.38","274.25","266.54","81.57M","-1.56%"
"2020-9-16","274.47","279.62","280.21","274.11","42.44M","-1.59%"
"2020-9-15","278.91","278.75","280.30","274.99","41.85M","1.41%"
"2020-9-14","275.02","274.14","277.07","272.82","38.53M","1.74%"
"2020-9-11","270.31","274.19","275.08","266.76","71.81M","-0.69%"
"2020-9-10","272.20","280.82","282.05","270.42","69.67M","-1.99%"
"2020-9-9","277.73","275.40","279.90","272.86","64.84M","2.94%"
"2020-9-8","269.81","272.13","278.07","269.52","99.57M","-4.81%"
"2020-9-4","283.43","285.61","288.78","271.66","123.96M","-1.33%"
"2020-9-3","287.26","298.04","298.46","284.26","110.08M","-5.07%"
"2020-9-2","302.60","303.10","303.34","296.73","50.84M","0.95%"
"2020-9-1","299.76","297.44","299.88","295.63","36.40M","1.71%"
"2020-8-31","294.73","293.01","296.59","292.47","36.32M","0.80%"
"2020-8-28","292.38","292.12","293.03","290.78","28.02M","0.51%"
"2020-8-27","290.90","292.93","293.70","288.55","49.48M","-0.31%"
"2020-8-26","291.81","286.96","292.07","285.68","42.22M","2.14%"
"2020-8-25","285.71","282.63","285.91","282.22","34.87M","0.79%"
"2020-8-24","283.48","284.91","285.85","281.12","36.42M","0.62%"
"2020-8-21","281.72","279.92","282.19","279.31","34.75M","0.69%"
"2020-8-20","279.78","275.16","280.28","274.72","27.72M","1.38%"
"2020-8-19","275.96","277.78","278.87","275.43","32.00M","-0.67%"
"2020-8-18","277.82","276.26","278.32","274.77","23.53M","0.96%"
"2020-8-17","275.18","273.77","275.70","272.05","24.80M","1.16%"
"2020-8-14","272.02","272.87","273.26","270.58","30.80M","-0.12%"
"2020-8-13","272.34","272.50","274.69","271.37","31.90M","0.23%"
"2020-8-12","271.72","267.23","272.70","267.23","38.89M","2.52%"
"2020-8-11","265.05","268.96","270.30","264.49","43.10M","-1.90%"
"2020-8-10","270.17","271.60","271.84","266.53","35.09M","-0.43%"
"2020-8-7","271.33","273.90","274.74","269.10","44.97M","-1.15%"
"2020-8-6","274.50","270.64","274.84","270.05","28.05M","1.33%"
"2020-8-5","270.91","270.69","271.38","269.82","21.69M","0.25%"
"2020-8-4","270.24","268.60","270.34","267.95","24.91M","0.37%"
"2020-8-3","269.24","267.91","270.01","267.73","32.08M","1.35%"
"2020-7-31","265.65","265.69","265.81","260.71","53.76M","1.79%"
"2020-7-30","260.99","257.64","261.57","256.42","41.77M","0.52%"
"2020-7-29","259.63","258.19","260.52","257.77","27.56M","1.15%"
"2020-7-28","256.68","259.19","259.71","256.38","31.30M","-1.27%"
"2020-7-27","259.98","257.22","260.38","256.31","36.45M","1.78%"
"2020-7-24","255.43","253.99","256.80","251.19","54.05M","-0.95%"
"2020-7-23","257.87","264.41","265.10","256.42","51.36M","-2.61%"
"2020-7-22","264.79","264.32","265.75","262.41","29.87M","0.35%"
"2020-7-21","263.86","268.27","268.27","262.99","43.44M","-1.04%"
"2020-7-20","266.64","259.98","267.29","258.65","40.61M","2.84%"
"2020-7-17","259.28","259.57","260.17","257.03","35.14M","0.12%"
"2020-7-16","258.98","257.83","259.64","255.49","47.59M","-0.68%"
"2020-7-15","260.76","261.54","262.55","257.35","54.52M","0.20%"
"2020-7-14","260.23","255.94","260.65","252.63","72.23M","0.71%"
"2020-7-13","258.40","266.73","269.65","257.55","64.11M","-2.06%"
"2020-7-10","263.83","261.86","264.09","259.12","32.89M","0.68%"
"2020-7-9","262.04","261.75","262.73","257.49","40.31M","0.84%"
"2020-7-8","259.85","257.86","259.88","256.37","30.43M","1.31%"
"2020-7-7","256.48","257.96","260.74","256.17","36.58M","-0.69%"
"2020-7-6","258.25","255.33","258.79","255.30","34.59M","2.46%"
"2020-7-2","252.06","252.84","254.14","251.58","31.96M","0.68%"
"2020-7-1","250.36","247.53","251.39","246.95","34.69M","1.17%"
"2020-6-30","247.47","242.64","248.03","242.45","38.91M","1.96%"
"2020-6-29","242.71","239.85","242.72","237.23","34.38M","1.09%"
"2020-6-26","240.09","245.62","245.83","239.55","52.82M","-2.36%"
"2020-6-25","245.90","243.78","246.21","241.01","36.94M","0.95%"
"2020-6-24","243.58","247.86","249.19","242.03","46.03M","-2.06%"
"2020-6-23","248.71","248.26","251.02","247.69","32.77M","0.85%"
"2020-6-22","246.61","243.64","246.74","243.25","24.07M","1.02%"
"2020-6-19","244.11","246.61","246.87","242.32","49.42M","-0.02%"
"2020-6-18","244.15","243.16","244.40","242.36","30.58M","0.27%"
"2020-6-17","243.49","244.27","245.37","242.60","34.75M","0.32%"
"2020-6-16","242.72","243.65","244.26","238.97","48.89M","1.72%"
"2020-6-15","238.62","232.32","239.32","231.35","45.31M","1.21%"
"2020-6-12","235.76","238.96","240.27","231.62","72.03M","0.80%"
"2020-6-11","233.90","242.16","243.46","233.84","72.92M","-4.95%"
"2020-6-10","246.09","244.87","247.68","244.38","58.08M","1.20%"
"2020-6-9","243.17","240.53","244.05","240.34","35.05M","0.72%"
"2020-6-8","241.42","239.41","241.55","237.79","32.94M","0.78%"
"2020-6-5","239.56","235.94","240.17","235.51","47.37M","1.98%"
"2020-6-4","234.91","236.20","237.67","233.56","38.72M","-0.70%"
"2020-6-3","236.57","236.11","237.35","235.23","37.23M","0.45%"
"2020-6-2","235.51","234.30","235.57","231.89","33.38M","0.67%"
"2020-6-1","233.94","232.28","234.33","231.88","26.14M","0.30%"
"2020-5-29","233.24","230.31","233.48","228.64","50.88M","1.47%"
"2020-5-28","229.87","228.93","233.35","228.93","43.01M","-0.13%"
"2020-5-27","230.17","228.39","230.29","223.82","55.67M","0.55%"
"2020-5-26","228.92","233.32","233.45","228.67","33.06M","-0.27%"
"2020-5-22","229.54","228.34","229.75","227.38","28.76M","0.35%"
"2020-5-21","228.75","231.37","232.01","228.22","43.64M","-1.09%"
"2020-5-20","231.27","229.36","231.64","229.36","37.42M","2.00%"
"2020-5-19","226.74","227.54","229.73","226.59","36.24M","-0.25%"
"2020-5-18","227.31","226.16","228.56","225.35","42.60M","1.86%"
"2020-5-15","223.15","218.66","223.21","218.22","55.75M","0.65%"
"2020-5-14","221.71","218.01","221.75","215.88","51.55M","1.14%"
"2020-5-13","219.22","222.53","224.49","216.60","65.52M","-1.25%"
"2020-5-12","222.00","227.36","227.98","221.97","41.05M","-2.09%"
"2020-5-11","226.75","223.38","227.81","223.13","35.71M","0.89%"
"2020-5-8","224.74","223.43","224.88","222.36","31.96M","1.37%"
"2020-5-7","221.70","221.63","222.61","220.30","38.62M","1.28%"
"2020-5-6","218.89","219.25","220.92","218.00","36.46M","0.62%"
"2020-5-5","217.55","217.29","220.02","216.74","37.78M","1.13%"
"2020-5-4","215.11","211.50","215.34","211.01","32.84M","1.17%"
"2020-5-1","212.63","214.43","216.56","211.57","48.79M","-2.82%"
"2020-4-30","218.80","219.89","219.92","217.24","43.36M","-0.04%"
"2020-4-29","218.89","216.10","219.85","215.03","48.72M","3.55%"
"2020-4-28","211.39","217.16","217.21","211.10","46.86M","-1.88%"
"2020-4-27","215.45","216.07","216.52","214.39","36.45M","0.80%"
"2020-4-24","213.73","210.83","214.19","209.39","34.30M","1.58%"
"2020-4-23","210.41","211.69","214.32","209.98","43.28M","-0.21%"
"2020-4-22","210.86","209.03","212.24","208.22","40.19M","2.97%"
"2020-4-21","204.78","210.52","211.05","203.52","72.93M","-3.69%"
"2020-4-20","212.63","213.16","215.77","212.46","38.25M","-1.19%"
"2020-4-17","215.18","215.85","216.40","211.97","62.86M","0.96%"
"2020-4-16","213.14","211.67","214.26","209.58","64.66M","1.82%"
"2020-4-15","209.32","208.37","211.72","207.01","47.04M","-1.15%"
"2020-4-14","211.75","207.06","212.39","206.31","63.96M","4.35%"
"2020-4-13","202.92","199.82","203.31","198.65","42.85M","1.08%"
"2020-4-9","200.75","202.16","203.11","198.92","68.32M","0.14%"
"2020-4-8","200.46","197.98","201.06","196.07","45.94M","2.12%"
"2020-4-7","196.30","202.03","202.55","195.90","69.90M","-0.04%"
"2020-4-6","196.38","190.28","197.55","189.09","64.76M","7.15%"
"2020-4-3","183.27","185.40","186.97","181.19","47.49M","-1.42%"
"2020-4-2","185.91","181.49","190.00","180.87","56.47M","2.03%"
"2020-4-1","182.21","184.71","187.56","180.77","53.72M","-4.25%"
"2020-3-31","190.30","191.43","195.15","189.10","62.66M","-0.85%"
"2020-3-30","191.94","187.00","192.39","186.24","49.36M","3.64%"
"2020-3-27","185.20","186.83","190.41","184.56","58.84M","-3.44%"
"2020-3-26","191.80","183.77","192.62","183.51","79.89M","5.27%"
"2020-3-25","182.20","184.32","189.41","179.89","88.75M","-0.74%"
"2020-3-24","183.56","179.82","183.73","177.86","94.88M","7.74%"
"2020-3-23","170.37","170.83","174.12","164.84","124.64M","-0.14%"
"2020-3-20","170.61","181.64","182.77","170.01","118.98M","-3.92%"
"2020-3-19","177.57","175.60","183.39","171.54","120.90M","0.60%"
"2020-3-18","176.51","171.51","179.13","166.71","114.16M","-3.04%"
"2020-3-17","182.04","175.38","184.29","169.69","121.26M","7.58%"
"2020-3-16","169.21","174.06","184.58","169.07","92.05M","-11.98%"
"2020-3-13","192.24","186.97","194.38","178.04","134.88M","8.47%"
"2020-3-12","177.23","181.99","190.68","176.85","137.82M","-9.17%"
"2020-3-11","195.12","199.25","200.64","192.63","89.17M","-4.35%"
"2020-3-10","204.00","201.00","204.19","193.58","100.60M","5.44%"
"2020-3-9","193.47","193.38","201.05","192.01","116.42M","-6.95%"
"2020-3-6","207.91","204.56","209.04","202.80","89.83M","-1.69%"
"2020-3-5","211.48","212.58","216.25","209.99","78.71M","-3.04%"
"2020-3-4","218.11","213.21","218.22","211.26","73.09M","4.17%"
"2020-3-3","209.37","217.00","219.49","207.51","131.95M","-3.21%"
"2020-3-2","216.31","208.77","216.46","205.83","112.93M","5.16%"
"2020-2-28","205.69","198.82","207.06","198.07","149.25M","0.08%"
"2020-2-27","205.53","210.94","216.31","205.39","121.82M","-5.01%"
"2020-2-26","216.37","216.56","220.16","214.79","80.40M","0.52%"
"2020-2-25","215.26","223.07","223.87","214.63","97.74M","-2.72%"
"2020-2-24","221.27","221.72","224.13","220.14","84.52M","-3.86%"
"2020-2-21","230.15","233.52","233.89","229.20","66.06M","-1.92%"
"2020-2-20","234.66","236.34","236.83","231.76","42.60M","-0.93%"
"2020-2-19","236.86","235.95","237.35","235.73","22.23M","0.96%"
"2020-2-18","234.61","233.35","235.05","233.13","24.52M","0.04%"
"2020-2-14","234.52","234.16","234.74","233.43","23.44M","0.29%"
"2020-2-13","233.85","232.50","234.81","232.24","22.77M","-0.13%"
"2020-2-12","234.15","233.22","234.26","232.68","24.47M","0.97%"
"2020-2-11","231.89","233.09","233.90","231.28","30.20M","0.02%"
"2020-2-10","231.85","228.31","231.86","228.26","21.48M","1.21%"
"2020-2-7","229.08","229.04","230.32","228.42","25.88M","-0.43%"
"2020-2-6","230.07","228.65","230.13","227.86","22.47M","0.86%"
"2020-2-5","228.10","230.10","230.13","226.73","38.53M","0.33%"
"2020-2-4","227.35","225.27","227.74","224.53","30.69M","2.29%"
"2020-2-3","222.26","220.02","222.77","219.87","25.47M","1.51%"
"2020-1-31","218.95","223.38","223.44","218.17","52.02M","-1.59%"
"2020-1-30","222.48","220.25","222.58","219.57","39.57M","0.36%"
"2020-1-29","221.69","222.54","222.81","220.71","29.06M","0.16%"
"2020-1-28","221.33","219.48","221.84","218.94","26.73M","1.53%"
"2020-1-27","217.99","217.61","219.17","217.07","42.26M","-2.06%"
"2020-1-24","222.58","225.50","225.76","221.55","37.44M","-0.84%"
"2020-1-23","224.47","223.59","224.57","222.58","26.50M","0.32%"
"2020-1-22","223.75","224.26","225.03","223.47","20.74M","0.26%"
"2020-1-21","223.16","222.61","223.72","222.54","21.15M","-0.04%"
"2020-1-17","223.26","223.12","223.44","222.01","24.33M","0.50%"
"2020-1-16","222.16","221.12","222.20","220.68","18.80M","0.96%"
"2020-1-15","220.05","220.06","221.08","219.33","25.74M","0.04%"
"2020-1-14","219.96","220.63","221.09","219.62","24.57M","-0.39%"
"2020-1-13","220.83","219.19","220.86","218.87","22.85M","1.15%"
"2020-1-10","218.32","219.64","219.75","217.93","21.91M","-0.26%"
"2020-1-9","218.88","218.80","219.29","217.60","23.64M","0.85%"
"2020-1-8","217.04","215.36","218.03","215.05","26.46M","0.75%"
"2020-1-7","215.42","215.53","216.03","214.74","23.12M","-0.01%"
"2020-1-6","215.45","212.38","215.48","212.13","21.73M","0.64%"
"2020-1-3","214.07","213.18","215.36","213.17","27.53M","-0.92%"
"2020-1-2","216.05","214.29","216.05","213.87","31.01M","1.67%"
"2019-12-31","212.50","211.51","212.65","211.09","18.20M","0.19%"
"2019-12-30","212.10","213.40","213.52","211.05","21.83M","-0.66%"
"2019-12-27","213.50","214.44","214.45","212.93","18.14M","-0.08%"
"2019-12-26","213.68","212.15","213.70","212.12","17.16M","0.88%"
"2019-12-24","211.81","211.86","211.98","211.33","7.09M","0.05%"
"2019-12-23","211.70","211.92","212.04","211.52","23.80M","0.05%"
"2019-12-20","211.60","211.70","212.41","211.16","27.69M","0.40%"
"2019-12-19","210.75","209.53","210.82","209.51","17.89M","0.63%"
"2019-12-18","209.44","209.49","210.02","209.22","15.49M","0.08%"
"2019-12-17","209.28","209.39","209.60","208.93","16.03M","0.06%"
"2019-12-16","209.16","208.39","209.42","208.37","21.37M","1.00%"
"2019-12-13","207.08","206.25","207.80","205.85","32.53M","0.33%"
"2019-12-12","206.40","204.66","207.21","204.38","32.70M","0.75%"
"2019-12-11","204.87","204.26","205.08","203.93","18.90M","0.53%"
"2019-12-10","203.79","204.06","204.77","203.33","21.85M","-0.08%"
"2019-12-9","203.96","204.52","205.49","203.87","14.03M","-0.45%"
"2019-12-6","204.89","204.14","205.04","204.04","16.56M","1.07%"
"2019-12-5","202.72","203.04","203.04","201.73","15.04M","0.20%"
"2019-12-4","202.32","202.38","202.80","202.03","15.34M","0.51%"
"2019-12-3","201.30","200.21","201.38","193.68","31.43M","-0.78%"
"2019-12-2","202.89","205.00","205.07","201.67","28.12M","-1.02%"
"2019-11-29","204.99","205.48","205.72","204.89","9.85M","-0.46%"
"2019-11-27","205.93","205.02","205.94","204.78","17.06M","0.70%"
"2019-11-26","204.50","204.21","204.76","203.94","14.81M","0.19%"
"2019-11-25","204.11","202.56","204.15","202.56","17.79M","1.18%"
"2019-11-22","201.72","202.06","202.21","200.63","17.20M","0.06%"
"2019-11-21","201.59","201.83","201.96","200.96","17.93M","-0.22%"
"2019-11-20","202.04","202.74","203.34","200.51","36.71M","-0.60%"
"2019-11-19","203.26","203.73","203.73","202.48","17.00M","0.15%"
"2019-11-18","202.96","202.50","203.28","201.66","18.41M","0.08%"
"2019-11-15","202.80","202.50","202.80","201.89","18.43M","0.74%"
"2019-11-14","201.32","200.72","201.45","200.11","17.06M","-0.08%"
"2019-11-13","201.48","200.73","201.67","200.60","16.11M","0.02%"
"2019-11-12","201.43","201.02","202.10","200.71","14.78M","0.29%"
"2019-11-11","200.85","200.12","200.93","199.84","10.19M","-0.13%"
"2019-11-8","201.12","199.91","201.14","199.44","15.27M","0.40%"
"2019-11-7","200.32","200.65","201.61","199.75","17.83M","0.33%"
"2019-11-6","199.66","199.88","199.90","198.68","19.73M","-0.22%"
"2019-11-5","200.10","200.24","200.44","199.45","15.05M","0.06%"
"2019-11-4","199.99","200.08","200.42","198.76","19.02M","0.61%"
"2019-11-1","198.77","197.83","198.78","197.53","22.13M","0.91%"
"2019-10-31","196.98","197.46","197.55","195.84","26.80M","0.05%"
"2019-10-30","196.89","196.32","197.22","195.19","21.76M","0.48%"
"2019-10-29","195.94","197.14","197.43","195.91","18.57M","-0.77%"
"2019-10-28","197.47","196.47","197.73","196.45","18.84M","0.99%"
"2019-10-25","195.54","192.99","195.64","192.95","21.51M","0.80%"
"2019-10-24","193.99","193.52","194.11","192.64","19.26M","0.97%"
"2019-10-23","192.12","191.33","192.16","191.05","15.20M","0.19%"
"2019-10-22","191.75","193.96","194.32","191.69","22.99M","-0.80%"
"2019-10-21","193.29","192.55","193.42","192.04","15.87M","0.89%"
"2019-10-18","191.59","193.16","193.57","190.60","27.72M","-0.96%"
"2019-10-17","193.45","194.08","194.40","192.71","19.16M","0.26%"
"2019-10-16","192.94","192.78","193.43","192.33","20.69M","-0.25%"
"2019-10-15","193.42","191.55","193.87","191.46","23.74M","1.27%"
"2019-10-14","190.99","190.72","191.60","190.54","15.37M","-0.01%"
"2019-10-11","191.01","190.70","192.53","190.62","41.43M","1.29%"
"2019-10-10","188.58","187.15","189.33","187.02","26.69M","0.77%"
"2019-10-9","187.13","186.86","187.98","186.33","20.83M","0.98%"
"2019-10-8","185.32","186.91","187.76","185.17","33.20M","-1.50%"
"2019-10-7","188.14","188.13","189.64","187.81","21.40M","-0.30%"
"2019-10-4","188.71","186.89","188.98","186.78","32.75M","1.47%"
"2019-10-3","185.97","183.97","186.11","181.72","39.61M","1.10%"
"2019-10-2","183.95","185.91","187.11","182.92","48.93M","-1.72%"
"2019-10-1","187.17","189.44","190.49","186.86","32.67M","-0.82%"
"2019-9-30","188.71","187.65","189.01","187.30","26.56M","0.95%"
"2019-9-27","186.93","189.60","189.73","185.65","40.80M","-1.24%"
"2019-9-26","189.28","189.77","189.90","187.88","27.03M","-0.37%"
"2019-9-25","189.98","187.69","190.48","186.11","36.50M","1.12%"
"2019-9-24","187.87","191.27","191.69","187.05","41.10M","-1.33%"
"2019-9-23","190.40","190.26","190.97","189.62","22.92M","-0.16%"
"2019-9-20","190.70","193.01","193.21","190.06","30.13M","-1.06%"
"2019-9-19","192.74","192.76","193.93","192.37","26.21M","0.17%"
"2019-9-18","192.42","192.10","192.50","190.01","31.17M","-0.04%"
"2019-9-17","192.50","191.60","192.50","191.19","21.11M","0.48%"
"2019-9-16","191.58","191.20","191.98","191.01","20.32M","-0.45%"
"2019-9-13","192.44","192.85","193.30","192.19","27.67M","-0.36%"
"2019-9-12","193.13","193.54","194.61","192.87","28.69M","0.42%"
"2019-9-11","192.33","190.88","192.43","190.46","25.06M","0.94%"
"2019-9-10","190.54","190.09","190.64","188.81","23.74M","-0.29%"
"2019-9-9","191.09","192.08","192.17","190.12","24.41M","-0.21%"
"2019-9-6","191.49","191.93","192.07","191.07","19.49M","-0.10%"
"2019-9-5","191.68","190.29","192.22","190.24","34.06M","1.83%"
"2019-9-4","188.23","187.33","188.39","186.80","21.68M","1.44%"
"2019-9-3","185.55","186.16","187.08","184.93","28.03M","-0.97%"
"2019-8-30","187.37","188.84","188.87","186.31","26.33M","-0.24%"
"2019-8-29","187.82","187.27","188.36","186.58","25.43M","1.53%"
"2019-8-28","184.99","183.74","185.30","182.81","21.85M","0.36%"
"2019-8-27","184.33","185.98","186.32","183.61","28.08M","-0.21%"
"2019-8-26","184.72","184.09","184.77","182.98","27.69M","1.51%"
"2019-8-23","181.97","186.66","188.35","181.46","55.44M","-3.17%"
"2019-8-22","187.92","188.88","189.36","186.44","24.27M","-0.32%"
"2019-8-21","188.53","188.56","189.13","187.86","20.75M","0.89%"
"2019-8-20","186.87","187.90","188.54","186.82","19.94M","-0.78%"
"2019-8-19","188.33","187.93","188.73","187.40","22.57M","1.59%"
"2019-8-16","185.38","184.01","185.85","184.00","34.79M","1.61%"
"2019-8-15","182.45","183.01","183.49","181.06","36.85M","-0.11%"
"2019-8-14","182.66","185.21","185.85","182.32","51.00M","-2.99%"
"2019-8-13","188.29","184.17","189.58","183.92","40.47M","2.19%"
"2019-8-12","184.25","185.24","185.80","183.40","24.64M","-1.15%"
"2019-8-9","186.39","187.22","187.90","184.93","33.61M","-0.94%"
"2019-8-8","188.16","185.05","188.22","184.47","38.42M","2.18%"
"2019-8-7","184.15","181.22","184.41","179.80","49.99M","0.54%"
"2019-8-6","183.16","182.28","183.70","180.97","41.90M","1.40%"
"2019-8-5","180.64","183.41","183.41","179.11","75.04M","-3.53%"
"2019-8-2","187.25","188.72","188.89","186.11","55.21M","-1.47%"
"2019-8-1","190.05","191.41","194.88","189.13","63.25M","-0.50%"
"2019-7-31","191.00","194.21","194.33","189.22","41.63M","-1.38%"
"2019-7-30","193.68","193.06","194.44","192.89","18.71M","-0.43%"
"2019-7-29","194.52","195.08","195.08","193.29","20.45M","-0.34%"
"2019-7-26","195.19","194.42","195.45","194.33","20.43M","1.03%"
"2019-7-25","193.20","194.38","194.42","192.83","23.43M","-0.95%"
"2019-7-24","195.05","192.97","195.06","192.93","20.42M","0.70%"
"2019-7-23","193.69","193.48","193.71","192.19","23.79M","0.65%"
"2019-7-22","192.43","191.40","192.84","191.34","18.95M","0.80%"
"2019-7-19","190.91","193.72","193.73","190.71","29.39M","-0.73%"
"2019-7-18","192.32","191.20","192.69","190.59","29.07M","0.11%"
"2019-7-17","192.10","193.10","193.39","192.08","16.77M","-0.49%"
"2019-7-16","193.05","193.76","193.99","192.46","20.19M","-0.52%"
"2019-7-15","194.05","193.87","194.09","193.34","15.61M","0.32%"
"2019-7-12","193.43","192.53","193.44","192.35","20.21M","0.58%"
"2019-7-11","192.32","192.78","193.24","191.71","23.74M","-0.07%"
"2019-7-10","192.46","191.69","192.99","191.37","28.37M","1.00%"
"2019-7-9","190.56","188.69","190.80","188.55","19.19M","0.50%"
"2019-7-8","189.61","189.76","189.77","188.83","17.60M","-0.70%"
"2019-7-5","190.95","190.05","191.30","189.29","21.42M","-0.20%"
"2019-7-3","191.34","190.35","191.34","190.19","15.79M","0.75%"
"2019-7-2","189.91","189.09","189.93","188.56","18.04M","0.40%"
"2019-7-1","189.16","190.20","190.47","188.28","31.19M","1.35%"
"2019-6-28","186.64","186.85","187.05","185.97","21.18M","0.13%"
"2019-6-27","186.40","186.37","186.84","185.89","19.71M","0.38%"
"2019-6-26","185.69","186.03","187.23","185.39","22.60M","0.47%"
"2019-6-25","184.83","187.96","188.04","184.55","33.92M","-1.72%"
"2019-6-24","188.06","188.42","188.62","187.96","19.38M","-0.22%"
"2019-6-21","188.47","188.47","189.67","188.07","39.98M","-0.15%"
"2019-6-20","188.75","189.62","189.66","187.06","40.92M","0.93%"
"2019-6-19","187.01","186.63","187.43","185.47","31.67M","0.38%"
"2019-6-18","186.31","185.78","187.62","185.33","48.18M","1.45%"
"2019-6-17","183.64","182.91","184.15","182.74","20.38M","0.60%"
"2019-6-14","182.54","182.34","183.01","181.84","22.84M","-0.43%"
"2019-6-13","183.32","183.02","183.77","182.64","23.72M","0.59%"
"2019-6-12","182.24","182.78","183.18","181.90","27.76M","-0.58%"
"2019-6-11","183.30","184.97","185.30","182.68","41.26M","0.14%"
"2019-6-10","183.05","182.13","184.75","182.11","41.39M","1.17%"
"2019-6-7","180.94","178.41","181.67","178.24","45.89M","1.93%"
"2019-6-6","177.52","176.43","177.95","175.64","29.91M","0.79%"
"2019-6-5","176.12","176.51","176.52","174.29","34.41M","0.74%"
"2019-6-4","174.82","171.89","174.88","171.28","47.80M","2.82%"
"2019-6-3","170.03","173.43","173.86","169.18","75.84M","-2.20%"
"2019-5-31","173.86","174.62","175.20","173.78","45.45M","-1.60%"
"2019-5-30","176.68","176.45","177.18","175.68","30.35M","0.42%"
"2019-5-29","175.94","176.36","176.91","175.00","42.18M","-0.82%"
"2019-5-28","177.40","178.58","179.57","177.38","24.76M","-0.38%"
"2019-5-24","178.07","179.21","179.76","177.85","25.90M","-0.05%"
"2019-5-23","178.16","178.91","178.93","177.05","45.35M","-1.53%"
"2019-5-22","180.92","180.72","181.97","180.66","24.33M","-0.45%"
"2019-5-21","181.73","181.40","182.23","180.83","31.61M","1.04%"
"2019-5-20","179.86","180.42","181.08","179.25","38.61M","-1.68%"
"2019-5-17","182.94","183.00","185.48","182.78","44.70M","-1.02%"
"2019-5-16","184.83","183.01","185.97","182.85","39.28M","1.01%"
"2019-5-15","182.99","179.30","183.45","179.22","40.94M","1.41%"
"2019-5-14","180.45","179.42","181.53","178.77","43.36M","1.10%"
"2019-5-13","178.49","180.21","181.16","177.97","67.19M","-3.47%"
"2019-5-10","184.90","183.96","185.79","180.94","58.53M","0.12%"
"2019-5-9","184.67","183.66","185.31","181.99","55.35M","-0.54%"
"2019-5-8","185.67","185.58","187.07","184.86","37.17M","-0.25%"
"2019-5-7","186.14","187.76","188.57","184.41","58.82M","-1.95%"
"2019-5-6","189.84","187.00","190.10","186.66","38.37M","-0.61%"
"2019-5-3","191.01","189.59","191.15","189.23","30.39M","1.60%"
"2019-5-2","188.01","188.78","189.75","186.77","44.11M","-0.43%"
"2019-5-1","188.83","190.66","191.22","188.70","34.80M","-0.32%"
"2019-4-30","189.44","189.38","189.75","188.11","31.50M","-0.78%"
"2019-4-29","190.92","190.52","191.22","190.24","21.72M","0.19%"
"2019-4-26","190.55","190.10","190.59","188.49","26.36M","0.09%"
"2019-4-25","190.38","191.05","191.12","189.35","29.52M","0.41%"
"2019-4-24","189.61","190.34","190.61","189.55","24.98M","-0.32%"
"2019-4-23","190.21","188.27","190.44","188.03","33.67M","1.27%"
"2019-4-22","187.82","186.44","187.89","186.33","17.94M","0.28%"
"2019-4-18","187.29","187.38","187.69","186.19","28.58M","0.13%"
"2019-4-17","187.05","187.65","187.83","186.50","29.65M","0.35%"
"2019-4-16","186.40","186.41","186.81","185.83","27.20M","0.34%"
"2019-4-15","185.76","185.71","185.97","184.52","21.07M","0.02%"
"2019-4-12","185.73","185.76","185.85","184.96","24.99M","0.43%"
"2019-4-11","184.93","185.67","185.68","184.59","20.65M","-0.24%"
"2019-4-10","185.37","184.65","185.43","184.42","24.56M","0.54%"
"2019-4-9","184.38","184.40","185.01","183.99","25.63M","-0.35%"
"2019-4-8","185.03","184.27","185.18","183.53","22.70M","0.25%"
"2019-4-5","184.56","184.20","184.67","183.92","25.67M","0.52%"
"2019-4-4","183.61","183.71","184.40","182.55","28.53M","-0.04%"
"2019-4-3","183.68","183.64","184.82","183.11","31.63M","0.57%"
"2019-4-2","182.63","182.13","182.81","181.68","22.65M","0.38%"
"2019-4-1","181.94","181.32","182.16","180.68","30.97M","1.32%"
"2019-3-29","179.57","179.54","179.74","178.50","35.21M","0.76%"
"2019-3-28","178.22","178.27","178.89","177.15","30.37M","0.23%"
"2019-3-27","177.81","179.18","179.63","176.51","37.10M","-0.64%"
"2019-3-26","178.96","179.49","180.60","178.05","33.25M","0.47%"
"2019-3-25","178.13","177.83","178.75","176.84","46.34M","-0.19%"
"2019-3-22","178.47","181.66","182.17","178.28","70.79M","-2.19%"
"2019-3-21","182.47","179.15","182.73","179.11","42.43M","1.56%"
"2019-3-20","179.67","178.97","180.77","178.15","50.10M","0.40%"
"2019-3-19","178.96","179.07","179.91","178.20","36.89M","0.34%"
"2019-3-18","178.36","177.86","178.90","177.50","32.94M","0.06%"
"2019-3-15","178.26","177.34","178.79","177.19","38.19M","0.93%"
"2019-3-14","176.62","177.02","177.25","176.57","23.75M","-0.17%"
"2019-3-13","176.92","176.51","177.84","176.26","42.43M","0.75%"
"2019-3-12","175.60","175.08","176.05","174.68","33.95M","0.55%"
"2019-3-11","174.64","171.77","174.76","171.76","30.52M","2.08%"
"2019-3-8","171.08","169.42","171.17","169.25","39.30M","-0.15%"
"2019-3-7","171.34","173.00","173.09","170.70","39.41M","-1.23%"
"2019-3-6","173.47","174.59","174.66","173.19","27.19M","-0.57%"
"2019-3-5","174.46","174.43","174.99","173.59","22.32M","0.07%"
"2019-3-4","174.33","175.28","175.70","172.38","38.06M","0.02%"
"2019-3-1","174.30","174.32","174.56","173.09","31.43M","0.69%"
"2019-2-28","173.10","172.95","173.72","172.61","25.09M","-0.23%"
"2019-2-27","173.50","172.83","173.71","171.67","25.16M","-0.06%"
"2019-2-26","173.61","172.95","174.16","172.72","21.94M","0.10%"
"2019-2-25","173.43","174.11","174.57","173.31","32.61M","0.36%"
"2019-2-22","172.80","171.89","172.92","171.81","27.74M","0.74%"
"2019-2-21","171.53","171.68","172.17","170.62","25.21M","-0.37%"
"2019-2-20","172.16","172.34","172.99","171.23","32.59M","-0.02%"
"2019-2-19","172.19","171.30","172.71","171.29","19.49M","0.20%"
"2019-2-15","171.85","172.42","172.47","171.05","32.52M","0.42%"
"2019-2-14","171.13","170.29","171.74","169.74","30.33M","0.12%"
"2019-2-13","170.92","171.53","172.07","170.73","26.09M","0.07%"
"2019-2-12","170.80","169.50","171.05","169.24","29.72M","1.48%"
"2019-2-11","168.31","169.05","169.49","167.89","21.43M","-0.09%"
"2019-2-8","168.47","166.64","168.50","166.48","29.02M","0.20%"
"2019-2-7","168.14","168.94","169.36","166.86","42.04M","-1.34%"
"2019-2-6","170.43","170.97","171.28","169.66","27.97M","-0.30%"
"2019-2-5","170.94","169.66","171.14","169.60","28.16M","0.89%"
"2019-2-4","169.44","167.42","169.44","167.24","26.72M","1.24%"
"2019-2-1","167.36","167.28","168.51","166.90","32.14M","-0.42%"
"2019-1-31","168.07","166.56","168.90","166.38","37.26M","1.50%"
"2019-1-30","165.59","163.30","166.19","162.80","41.35M","2.54%"
"2019-1-29","161.49","163.11","163.15","160.91","30.78M","-0.94%"
"2019-1-28","163.02","162.94","163.03","161.67","33.49M","-1.24%"
"2019-1-25","165.06","164.39","165.56","163.86","36.47M","1.20%"
"2019-1-24","163.11","162.57","163.35","161.98","32.41M","0.65%"
"2019-1-23","162.06","162.68","163.42","160.24","38.11M","0.13%"
"2019-1-22","161.85","163.96","164.05","160.68","56.71M","-2.00%"
"2019-1-18","165.16","164.75","165.93","163.73","57.18M","0.99%"
"2019-1-17","163.54","161.76","164.27","161.49","39.33M","0.79%"
"2019-1-16","162.26","162.54","163.69","162.20","33.81M","-0.02%"
"2019-1-15","162.29","159.89","162.51","159.83","40.87M","1.95%"
"2019-1-14","159.19","159.24","159.88","158.51","30.71M","-0.88%"
"2019-1-11","160.61","160.24","160.78","159.71","30.18M","-0.37%"
"2019-1-10","161.20","159.51","161.29","158.62","38.94M","0.29%"
"2019-1-9","160.74","160.07","161.44","159.39","46.49M","0.82%"
"2019-1-8","159.44","159.48","160.03","157.12","49.39M","0.91%"
"2019-1-7","158.01","156.46","158.78","156.03","52.06M","1.19%"
"2019-1-4","156.15","152.10","156.92","151.66","74.71M","4.28%"
"2019-1-3","149.74","152.52","153.18","149.41","74.82M","-3.27%"
"2019-1-2","154.80","150.91","155.67","150.80","58.58M","0.40%"
"2018-12-31","154.18","154.39","154.90","152.63","53.02M","0.84%"
"2018-12-28","152.89","153.93","155.51","151.64","77.86M","-0.05%"
"2018-12-27","152.97","150.49","153.10","147.00","85.82M","0.39%"
"2018-12-26","152.38","145.04","152.46","144.01","98.98M","6.25%"
"2018-12-24","143.42","146.06","147.90","143.38","56.16M","-2.76%"
"2018-12-21","147.49","152.98","154.01","146.64","141.13M","-3.10%"
"2018-12-20","152.21","154.08","155.79","150.31","99.00M","-1.45%"
"2018-12-19","154.45","158.16","160.64","153.26","81.86M","-2.46%"
"2018-12-18","158.34","158.59","159.87","156.96","63.64M","0.63%"
"2018-12-17","157.35","160.33","161.59","156.09","74.83M","-2.27%"
"2018-12-14","161.00","163.10","163.72","160.62","56.55M","-2.43%"
"2018-12-13","165.01","165.97","166.73","163.94","46.38M","0.03%"
"2018-12-12","164.96","165.97","167.51","164.87","53.78M","0.88%"
"2018-12-11","163.52","165.57","165.68","162.14","59.06M","0.33%"
"2018-12-10","162.98","161.03","163.69","159.33","73.96M","1.04%"
"2018-12-7","161.30","166.04","167.03","160.78","80.43M","-3.30%"
"2018-12-6","166.80","162.37","166.82","161.69","71.72M","0.71%"
"2018-12-4","165.63","171.29","171.82","165.43","70.59M","-3.84%"
"2018-12-3","172.24","173.01","173.22","169.42","50.77M","1.75%"
"2018-11-30","169.28","168.29","169.38","167.45","36.72M","0.73%"
"2018-11-29","168.06","167.91","169.17","166.73","44.89M","-0.33%"
"2018-11-28","168.61","164.53","168.61","163.39","70.14M","3.22%"
"2018-11-27","163.35","161.91","163.76","161.10","36.61M","0.34%"
"2018-11-26","162.80","161.36","162.88","160.68","42.01M","2.31%"
"2018-11-23","159.13","159.01","160.76","159.01","23.50M","-0.72%"
"2018-11-21","160.29","161.21","161.88","159.15","42.97M","0.76%"
"2018-11-20","159.08","158.29","161.30","157.05","102.65M","-1.78%"
"2018-11-19","161.97","166.65","166.81","161.46","67.28M","-3.25%"
"2018-11-16","167.41","166.40","168.22","165.69","65.39M","-0.35%"
"2018-11-15","168.00","164.75","168.45","163.37","73.25M","1.75%"
"2018-11-14","165.11","168.00","168.61","164.16","75.27M","-0.76%"
"2018-11-13","166.38","167.06","169.39","165.91","64.13M","0.08%"
"2018-11-12","166.24","170.24","170.55","166.09","62.58M","-3.03%"
"2018-11-9","171.43","172.74","173.16","170.07","50.60M","-1.69%"
"2018-11-8","174.37","174.67","175.21","173.54","40.30M","-0.64%"
"2018-11-7","175.49","172.16","175.49","171.78","51.17M","3.14%"
"2018-11-6","170.15","168.84","171.10","168.63","34.41M","0.76%"
"2018-11-5","168.87","169.52","169.57","166.99","39.57M","-0.25%"
"2018-11-2","169.29","171.44","172.46","168.13","75.97M","-1.56%"
"2018-11-1","171.97","169.99","172.15","168.69","52.71M","1.32%"
"2018-10-31","169.73","168.46","171.16","168.45","73.83M","2.35%"
"2018-10-30","165.83","162.71","165.95","161.93","92.58M","1.65%"
"2018-10-29","163.14","169.07","169.77","160.01","111.87M","-2.06%"
"2018-10-26","166.57","165.15","169.87","164.14","130.97M","-2.57%"
"2018-10-25","170.97","167.90","171.99","167.07","83.48M","3.46%"
"2018-10-24","165.25","173.03","173.27","164.95","103.00M","-4.58%"
"2018-10-23","173.18","170.70","174.04","168.73","77.57M","-0.37%"
"2018-10-22","173.82","173.97","175.16","172.50","52.91M","0.51%"
"2018-10-19","172.93","174.30","175.98","172.30","82.92M","-0.09%"
"2018-10-18","173.09","176.51","176.59","172.35","82.49M","-2.32%"
"2018-10-17","177.20","178.05","178.16","175.38","66.99M","0.04%"
"2018-10-16","177.13","173.93","177.56","173.61","71.98M","2.91%"
"2018-10-15","172.12","173.60","173.95","171.47","64.89M","-1.21%"
"2018-10-12","174.23","173.90","174.77","170.84","102.08M","2.78%"
"2018-10-11","169.51","170.95","173.31","167.72","143.08M","-1.24%"
"2018-10-10","171.64","178.44","178.53","171.41","114.47M","-4.40%"
"2018-10-9","179.54","179.11","180.92","178.66","49.10M","0.32%"
"2018-10-8","178.96","179.28","180.55","176.84","66.86M","-0.61%"
"2018-10-5","180.06","182.29","182.87","178.34","83.33M","-1.22%"
"2018-10-4","182.28","185.12","185.22","180.96","80.56M","-1.92%"
"2018-10-3","185.85","186.42","186.87","185.56","29.13M","0.11%"
"2018-10-2","185.65","185.85","187.08","185.22","25.62M","-0.23%"
"2018-10-1","186.07","186.72","187.43","185.60","27.37M","0.20%"
"2018-9-28","185.69","185.15","186.18","184.87","28.08M","-0.02%"
"2018-9-27","185.73","184.94","186.39","184.82","33.11M","0.85%"
"2018-9-26","184.17","184.15","185.89","183.81","36.21M","0.07%"
"2018-9-25","184.04","183.68","184.18","183.08","25.28M","0.14%"
"2018-9-24","183.79","181.95","183.86","181.20","34.95M","0.10%"
"2018-9-21","183.61","185.17","185.38","183.38","38.61M","-0.55%"
"2018-9-20","184.62","183.85","184.87","183.42","33.30M","1.11%"
"2018-9-19","182.60","182.76","183.20","181.41","31.84M","-0.08%"
"2018-9-18","182.74","181.42","183.63","181.30","31.88M","0.83%"
"2018-9-17","181.24","183.56","183.71","181.07","33.07M","-1.44%"
"2018-9-14","183.89","184.56","184.85","183.16","31.22M","-0.29%"
"2018-9-13","184.43","183.57","184.78","183.54","31.13M","1.07%"
"2018-9-12","182.48","182.77","182.88","180.91","36.20M","-0.30%"
"2018-9-11","183.02","180.87","183.32","180.43","30.12M","0.77%"
"2018-9-10","181.62","182.02","182.15","180.63","26.13M","0.34%"
"2018-9-7","181.01","180.44","182.57","180.35","46.63M","-0.39%"
"2018-9-6","181.71","183.44","183.65","180.49","46.09M","-0.89%"
"2018-9-5","183.35","185.45","185.45","182.72","42.62M","-1.29%"
"2018-9-4","185.75","186.00","186.30","184.75","29.06M","-0.43%"
"2018-8-31","186.55","186.08","187.08","185.88","28.65M","0.13%"
"2018-8-30","186.31","186.31","187.42","185.69","29.32M","-0.18%"
"2018-8-29","186.64","184.81","186.74","184.76","29.18M","1.15%"
"2018-8-28","184.51","184.70","184.92","184.12","20.28M","0.15%"
"2018-8-27","184.24","183.33","184.24","183.01","29.34M","1.02%"
"2018-8-24","182.38","181.30","182.53","181.26","23.14M","0.92%"
"2018-8-23","180.71","180.68","181.95","180.41","25.78M","-0.14%"
"2018-8-22","180.96","179.87","181.17","179.66","18.04M","0.38%"
"2018-8-21","180.27","180.17","181.34","180.04","26.26M","0.37%"
"2018-8-20","179.61","180.19","180.23","178.91","24.94M","-0.09%"
"2018-8-17","179.77","179.27","180.22","178.17","36.09M","0.02%"
"2018-8-16","179.73","180.48","180.89","179.38","27.71M","0.33%"
"2018-8-15","179.14","180.00","180.49","178.03","58.53M","-1.22%"
"2018-8-14","181.35","180.91","181.56","179.95","20.91M","0.62%"
"2018-8-13","180.23","180.76","181.91","180.15","26.09M","-0.11%"
"2018-8-10","180.43","180.59","181.12","179.75","33.82M","-0.76%"
"2018-8-9","181.81","181.84","182.53","181.54","18.85M","-0.06%"
"2018-8-8","181.92","181.45","182.25","180.96","22.68M","0.12%"
"2018-8-7","181.70","181.53","182.04","181.16","29.90M","0.36%"
"2018-8-6","181.04","179.88","181.09","179.65","24.81M","0.58%"
"2018-8-3","179.99","179.71","180.00","178.99","28.93M","0.31%"
"2018-8-2","179.44","175.78","179.65","175.70","47.18M","1.36%"
"2018-8-1","177.03","176.78","177.56","176.00","37.10M","0.38%"
"2018-7-31","176.36","175.66","177.04","174.73","47.29M","0.77%"
"2018-7-30","175.02","177.57","177.64","174.18","60.19M","-1.41%"
"2018-7-27","177.53","181.16","181.21","176.51","59.46M","-1.35%"
"2018-7-26","179.96","180.26","180.83","179.72","40.87M","-1.51%"
"2018-7-25","182.72","180.27","182.83","180.20","36.02M","1.39%"
"2018-7-24","180.21","181.29","181.95","179.47","36.90M","0.41%"
"2018-7-23","179.47","178.36","179.55","177.65","22.18M","0.32%"
"2018-7-20","178.90","179.48","180.08","178.70","35.91M","-0.02%"
"2018-7-19","178.94","179.25","179.79","178.73","31.09M","-0.50%"
"2018-7-18","179.84","180.19","180.35","179.29","23.22M","-0.19%"
"2018-7-17","180.18","177.21","180.56","177.19","31.03M","0.61%"
"2018-7-16","179.09","179.55","179.86","178.79","21.41M","-0.24%"
"2018-7-13","179.52","179.33","179.81","178.86","28.07M","0.08%"
"2018-7-12","179.37","177.12","179.37","176.99","27.93M","1.72%"
"2018-7-11","176.33","175.87","176.98","175.71","30.28M","-0.51%"
"2018-7-10","177.23","177.32","177.63","176.62","23.90M","0.07%"
"2018-7-9","177.10","176.40","177.14","175.73","27.36M","0.90%"
"2018-7-6","175.52","173.22","175.65","172.91","37.01M","1.56%"
"2018-7-5","172.83","171.82","172.97","170.94","31.63M","1.24%"
"2018-7-3","170.71","173.32","173.36","170.54","25.51M","-1.16%"
"2018-7-2","172.71","169.95","172.76","169.58","31.77M","0.67%"
"2018-6-29","171.56","171.91","172.83","171.31","36.41M","0.27%"
"2018-6-28","171.10","169.43","171.68","169.08","46.41M","0.86%"
"2018-6-27","169.64","172.68","173.49","169.52","52.84M","-1.36%"
"2018-6-26","171.98","171.90","172.97","171.28","39.01M","0.41%"
"2018-6-25","171.28","173.67","173.90","169.72","77.80M","-2.25%"
"2018-6-22","175.23","176.22","176.28","174.60","30.07M","-0.22%"
"2018-6-21","175.62","177.60","177.79","175.28","43.47M","-0.87%"
"2018-6-20","177.16","176.70","177.89","176.56","33.04M","0.71%"
"2018-6-19","175.91","174.17","175.95","173.62","38.24M","-0.28%"
"2018-6-18","176.41","175.44","176.56","174.85","31.63M","-0.27%"
"2018-6-15","176.89","176.89","177.23","176.02","49.62M","-0.35%"
"2018-6-14","177.51","176.53","177.80","176.41","35.92M","1.01%"
"2018-6-13","175.73","176.00","177.05","175.34","37.86M","-0.01%"
"2018-6-12","175.74","175.06","175.91","174.87","22.51M","0.53%"
"2018-6-11","174.82","174.21","175.25","174.19","22.32M","0.27%"
"2018-6-8","174.35","173.48","174.79","173.09","31.78M","0.01%"
"2018-6-7","174.34","175.82","175.84","173.46","39.60M","-0.81%"
"2018-6-6","175.77","174.93","175.80","174.05","25.04M","0.58%"
"2018-6-5","174.75","174.60","175.04","173.97","24.78M","0.31%"
"2018-6-4","174.21","173.07","174.25","172.98","20.46M","0.90%"
"2018-6-1","172.65","170.79","172.75","170.78","45.54M","1.57%"
"2018-5-31","169.98","170.04","171.11","169.54","35.67M","-0.06%"
"2018-5-30","170.09","169.54","170.39","169.13","22.67M","0.72%"
"2018-5-29","168.88","168.82","169.83","167.87","41.22M","-0.44%"
"2018-5-25","169.63","169.45","170.24","169.12","27.46M","0.10%"
"2018-5-24","169.46","169.47","169.76","167.75","27.70M","-0.03%"
"2018-5-23","169.51","166.81","169.53","166.79","26.56M","0.84%"
"2018-5-22","168.09","169.06","169.36","167.79","19.48M","-0.13%"
"2018-5-21","168.31","168.64","169.41","167.59","22.95M","0.56%"
"2018-5-18","167.37","167.62","168.17","167.12","26.22M","-0.52%"
"2018-5-17","168.24","168.31","169.52","167.42","27.48M","-0.38%"
"2018-5-16","168.89","168.01","169.28","167.92","22.94M","0.66%"
"2018-5-15","167.78","168.31","168.41","166.89","49.36M","-1.11%"
"2018-5-14","169.66","169.75","170.73","169.38","21.82M","0.17%"
"2018-5-11","169.37","169.26","169.77","168.63","24.69M","-0.09%"
"2018-5-10","169.53","168.34","169.65","168.20","27.07M","1.04%"
"2018-5-9","167.79","166.31","167.91","165.69","29.12M","1.09%"
"2018-5-8","165.98","165.74","166.34","164.77","26.04M","-0.10%"
"2018-5-7","166.15","165.55","166.69","165.42","32.50M","0.83%"
"2018-5-4","164.78","161.03","165.16","160.90","41.54M","1.89%"
"2018-5-3","161.72","161.00","162.31","159.14","60.34M","-0.01%"
"2018-5-2","161.74","163.01","163.48","161.55","38.65M","-0.58%"
"2018-5-1","162.69","160.44","162.71","160.06","36.51M","1.14%"
"2018-4-30","160.86","162.39","163.39","160.46","35.62M","-0.70%"
"2018-4-27","162.00","164.26","164.32","161.09","51.04M","0.06%"
"2018-4-26","161.90","160.64","162.44","160.10","43.01M","2.10%"
"2018-4-25","158.57","158.72","159.23","156.39","52.09M","0.12%"
"2018-4-24","158.38","162.53","162.82","157.31","70.26M","-2.12%"
"2018-4-23","161.81","162.99","163.64","160.94","33.04M","-0.25%"
"2018-4-20","162.21","164.40","164.52","161.65","49.20M","-1.58%"
"2018-4-19","164.82","165.56","165.90","164.25","34.71M","-0.92%"
"2018-4-18","166.35","166.03","166.91","165.22","29.57M","0.20%"
"2018-4-17","166.01","164.10","166.37","163.82","35.54M","2.15%"
"2018-4-16","162.51","162.36","163.10","161.40","28.18M","0.76%"
"2018-4-13","161.29","162.92","163.17","160.59","44.60M","-0.51%"
"2018-4-12","162.12","161.22","162.68","161.08","30.47M","1.20%"
"2018-4-11","160.20","160.12","161.91","160.02","41.62M","-0.58%"
"2018-4-10","161.13","160.05","161.65","158.99","48.60M","2.21%"
"2018-4-9","157.65","157.93","160.80","157.38","41.81M","0.70%"
"2018-4-6","156.55","158.86","160.38","155.80","59.87M","-2.50%"
"2018-4-5","160.57","161.25","161.50","159.40","43.05M","0.57%"
"2018-4-4","159.66","154.19","160.15","153.96","65.77M","1.58%"
"2018-4-3","157.18","156.84","157.84","154.36","64.09M","1.13%"
"2018-4-2","155.43","158.92","159.66","153.80","85.55M","-2.89%"
"2018-3-29","160.05","158.05","161.63","156.55","68.69M","1.83%"
"2018-3-28","157.17","158.17","159.70","155.96","89.37M","-1.15%"
"2018-3-27","159.00","165.51","165.53","157.60","78.89M","-3.23%"
"2018-3-26","164.31","161.60","164.51","159.08","57.48M","3.71%"
"2018-3-23","158.43","162.51","163.21","158.35","80.11M","-2.63%"
"2018-3-22","162.71","164.61","165.68","162.50","66.61M","-2.47%"
"2018-3-21","166.83","167.14","168.67","166.10","43.86M","-0.44%"
"2018-3-20","167.56","167.01","167.95","166.52","34.08M","0.33%"
"2018-3-19","167.01","169.07","169.13","165.55","71.40M","-2.29%"
"2018-3-16","170.93","171.69","172.11","170.85","31.18M","-0.30%"
"2018-3-15","171.44","171.74","172.44","170.81","28.81M","-0.09%"
"2018-3-14","171.59","172.49","172.65","170.84","40.54M","-0.02%"
"2018-3-13","171.62","174.71","175.12","171.18","55.64M","-1.36%"
"2018-3-12","173.99","173.56","174.39","173.19","37.63M","0.53%"
"2018-3-9","173.07","171.01","173.07","170.73","38.31M","1.94%"
"2018-3-8","169.77","169.45","169.89","168.86","25.83M","0.55%"
"2018-3-7","168.84","167.17","168.98","166.87","34.61M","0.23%"
"2018-3-6","168.45","168.52","169.02","167.39","29.48M","0.42%"
"2018-3-5","167.74","165.17","168.17","164.50","38.54M","1.11%"
"2018-3-2","165.90","162.50","166.19","161.87","57.45M","0.92%"
"2018-3-1","164.39","167.20","167.98","162.92","76.81M","-1.63%"
"2018-2-28","167.12","169.16","169.71","167.01","42.94M","-0.64%"
"2018-2-27","168.20","170.33","170.64","168.12","42.21M","-1.24%"
"2018-2-26","170.31","168.84","170.31","168.73","39.27M","1.33%"
"2018-2-23","168.08","165.97","168.08","165.36","50.10M","2.05%"
"2018-2-22","164.71","165.45","166.33","164.29","37.07M","-0.01%"
"2018-2-21","164.73","165.97","167.63","164.63","41.16M","-0.28%"
"2018-2-20","165.20","164.30","166.59","164.22","36.79M","0.20%"
"2018-2-16","164.87","165.09","166.67","164.59","62.26M","-0.45%"
"2018-2-15","165.61","164.05","165.61","162.35","51.63M","1.86%"
"2018-2-14","162.59","158.71","162.84","157.92","52.11M","1.87%"
"2018-2-13","159.61","157.90","159.93","157.64","31.79M","0.52%"
"2018-2-12","158.79","157.59","159.87","156.38","63.05M","1.78%"
"2018-2-9","156.02","155.58","157.16","150.05","113.84M","1.73%"
"2018-2-8","153.37","160.61","160.72","153.37","94.18M","-4.22%"
"2018-2-7","160.13","161.71","163.46","160.12","91.03M","-1.29%"
"2018-2-6","162.22","155.88","162.42","155.02","118.54M","2.64%"
"2018-2-5","158.04","163.04","165.66","157.92","105.37M","-3.94%"
"2018-2-2","164.52","167.25","167.61","164.38","68.48M","-2.00%"
"2018-2-1","167.87","168.03","169.64","167.33","38.04M","-0.85%"
"2018-1-31","169.31","169.58","169.90","168.25","42.45M","0.42%"
"2018-1-30","168.61","168.46","169.33","167.73","44.99M","-0.82%"
"2018-1-29","170.01","170.43","170.82","169.65","37.28M","-0.49%"
"2018-1-26","170.84","169.18","170.86","168.87","32.04M","1.53%"
"2018-1-25","168.26","169.46","169.54","167.72","28.92M","-0.04%"
"2018-1-24","168.32","169.72","170.15","167.35","54.29M","-0.65%"
"2018-1-23","169.42","168.55","169.57","168.47","37.99M","0.83%"
"2018-1-22","168.03","166.18","168.03","166.00","26.08M","1.07%"
"2018-1-19","166.25","166.23","166.52","165.45","38.94M","0.31%"
"2018-1-18","165.73","165.46","166.11","165.05","26.43M","0.02%"
"2018-1-17","165.70","164.68","165.95","163.91","33.85M","1.08%"
"2018-1-16","163.93","165.46","166.33","163.44","41.23M","-0.29%"
"2018-1-12","164.40","162.94","164.57","162.85","37.76M","0.74%"
"2018-1-11","163.20","162.39","163.21","162.12","20.47M","0.68%"
"2018-1-10","162.09","161.72","162.12","161.04","34.00M","-0.23%"
"2018-1-9","162.47","162.76","162.95","161.98","24.78M","0.01%"
"2018-1-8","162.46","161.82","162.54","161.78","23.16M","0.39%"
"2018-1-5","161.83","160.96","161.94","160.69","26.99M","1.00%"
"2018-1-4","160.23","160.51","160.71","160.00","24.78M","0.18%"
"2018-1-3","159.95","158.53","160.09","158.53","29.38M","0.97%"
"2018-1-2","158.41","156.42","158.44","156.09","32.57M","1.75%"
"2017-12-29","155.68","156.82","156.82","155.62","33.19M","-0.62%"
"2017-12-28","156.65","156.97","156.98","156.46","25.39M","0.12%"
"2017-12-27","156.46","156.44","156.88","156.31","22.39M","0.01%"
"2017-12-26","156.44","156.45","156.64","155.87","21.92M","-0.54%"
"2017-12-22","157.29","157.23","157.35","156.87","23.33M","-0.11%"
"2017-12-21","157.47","157.65","158.17","157.29","18.64M","0.01%"
"2017-12-20","157.45","158.17","158.20","156.83","38.97M","-0.11%"
"2017-12-19","157.62","158.26","158.42","157.18","31.41M","-0.59%"
"2017-12-18","158.56","158.21","158.69","157.99","26.84M","0.63%"
"2017-12-15","157.57","156.41","157.74","156.15","49.82M","1.14%"
"2017-12-14","155.80","156.20","156.58","155.63","24.59M","-0.07%"
"2017-12-13","155.91","156.20","156.41","155.68","24.42M","0.19%"
"2017-12-12","155.61","155.73","156.07","155.28","20.31M","-0.13%"
"2017-12-11","155.82","154.68","155.87","154.68","20.82M","0.78%"
"2017-12-8","154.62","155.02","155.45","154.38","28.08M","0.44%"
"2017-12-7","153.94","153.41","154.38","153.25","32.67M","0.34%"
"2017-12-6","153.42","152.18","153.65","151.98","28.65M","0.45%"
"2017-12-5","152.73","152.56","154.47","152.02","40.60M","0.07%"
"2017-12-4","152.63","155.39","155.54","152.48","51.32M","-1.15%"
"2017-12-1","154.41","154.11","155.16","152.18","59.02M","-0.43%"
"2017-11-30","155.07","154.38","155.37","154.06","56.60M","0.84%"
"2017-11-29","153.78","156.37","156.37","153.04","71.99M","-1.74%"
"2017-11-28","156.51","156.44","156.61","155.62","25.23M","0.26%"
"2017-11-27","156.11","156.12","156.48","155.75","22.65M","-0.04%"
"2017-11-24","156.18","155.78","156.23","155.68","8.28M","0.37%"
"2017-11-22","155.61","155.55","155.76","155.26","17.30M","0.12%"
"2017-11-21","155.42","154.48","155.49","154.40","20.15M","1.09%"
"2017-11-20","153.75","154.00","154.12","153.53","21.14M","-0.08%"
"2017-11-17","153.87","154.50","154.61","153.72","28.73M","-0.38%"
"2017-11-16","154.46","153.30","154.81","153.25","34.79M","1.28%"
"2017-11-15","152.51","152.53","152.92","151.70","24.81M","-0.47%"
"2017-11-14","153.23","153.23","153.42","152.49","25.17M","-0.36%"
"2017-11-13","153.79","153.04","153.99","153.02","12.52M","0.12%"
"2017-11-10","153.60","153.28","153.72","152.98","20.15M","-0.01%"
"2017-11-9","153.61","153.18","153.69","152.03","40.59M","-0.52%"
"2017-11-8","154.42","153.73","154.46","153.54","17.37M","0.40%"
"2017-11-7","153.80","153.59","154.00","153.26","21.33M","0.06%"
"2017-11-6","153.71","153.05","153.77","153.02","28.69M","0.34%"
"2017-11-3","153.19","152.31","153.21","151.76","26.20M","0.96%"
"2017-11-2","151.73","151.84","151.91","150.69","31.02M","-0.19%"
"2017-11-1","152.02","152.67","152.75","151.42","29.48M","-0.03%"
"2017-10-31","152.07","151.96","152.29","151.55","26.32M","0.38%"
"2017-10-30","151.50","151.00","152.11","150.91","31.73M","0.22%"
"2017-10-27","151.16","149.25","151.44","149.12","60.17M","2.91%"
"2017-10-26","146.88","147.28","147.63","146.84","28.23M","-0.32%"
"2017-10-25","147.35","147.62","148.10","146.25","36.18M","-0.38%"
"2017-10-24","147.91","147.92","148.22","147.36","20.29M","0.17%"
"2017-10-23","147.66","148.93","148.95","147.45","29.30M","-0.65%"
"2017-10-20","148.63","148.83","148.96","148.45","30.17M","0.27%"
"2017-10-19","148.23","147.94","148.25","147.19","27.68M","-0.37%"
"2017-10-18","148.78","149.13","149.13","148.56","17.22M","-0.12%"
"2017-10-17","148.96","148.71","148.98","148.49","13.14M","0.13%"
"2017-10-16","148.77","148.62","148.81","148.31","21.81M","0.34%"
"2017-10-13","148.26","148.32","148.43","147.70","18.41M","0.39%"
"2017-10-12","147.69","147.76","148.28","147.54","14.51M","-0.18%"
"2017-10-11","147.96","147.45","147.99","147.26","12.44M","0.30%"
"2017-10-10","147.52","147.90","148.06","146.87","19.22M","0.07%"
"2017-10-9","147.41","147.78","147.93","147.22","13.70M","-0.12%"
"2017-10-6","147.58","146.89","147.58","146.88","23.56M","0.14%"
"2017-10-5","147.38","146.46","147.46","146.33","31.56M","0.98%"
"2017-10-4","145.95","145.52","146.26","145.39","26.38M","0.10%"
"2017-10-3","145.81","145.66","145.98","145.37","19.72M","0.21%"
"2017-10-2","145.50","145.59","146.09","144.85","27.35M","0.09%"
"2017-9-29","145.37","144.62","145.48","144.24","43.10M","0.72%"
"2017-9-28","144.33","144.06","144.48","143.70","24.15M","-0.03%"
"2017-9-27","144.38","143.85","144.92","143.49","33.25M","0.90%"
"2017-9-26","143.09","143.43","143.72","142.60","29.63M","0.25%"
"2017-9-25","142.73","143.67","143.75","142.03","54.95M","-1.05%"
"2017-9-22","144.24","143.92","144.45","143.78","21.70M","-0.10%"
"2017-9-21","144.38","145.17","145.18","143.87","28.84M","-0.61%"
"2017-9-20","145.27","145.67","145.83","144.15","34.24M","-0.31%"
"2017-9-19","145.72","145.73","145.93","145.23","20.87M","0.17%"
"2017-9-18","145.47","145.80","146.29","145.03","24.86M","-0.35%"
"2017-9-15","145.98","145.48","146.51","145.21","46.42M","0.34%"
"2017-9-14","145.48","145.77","146.21","145.39","35.30M","-0.59%"
"2017-9-13","146.34","145.87","146.36","145.65","28.45M","0.14%"
"2017-9-12","146.14","146.17","146.33","145.45","30.26M","0.24%"
"2017-9-11","145.79","145.22","146.04","145.22","27.13M","1.15%"
"2017-9-8","144.13","145.20","145.27","143.98","27.89M","-0.87%"
"2017-9-7","145.39","145.32","145.76","144.86","22.72M","0.23%"
"2017-9-6","145.05","144.98","145.38","144.00","30.72M","0.30%"
"2017-9-5","144.61","145.47","145.80","143.52","45.48M","-0.90%"
"2017-9-1","145.92","146.28","146.51","145.53","22.29M","-0.14%"
"2017-8-31","146.12","144.95","146.13","144.90","38.48M","1.07%"
"2017-8-30","144.57","143.03","144.81","142.92","33.64M","1.18%"
"2017-8-29","142.89","141.11","143.13","140.99","24.50M","0.39%"
"2017-8-28","142.34","142.34","142.67","141.88","15.36M","0.31%"
"2017-8-25","141.90","142.73","143.10","141.71","26.38M","-0.21%"
"2017-8-24","142.20","142.95","143.09","141.40","38.16M","-0.29%"
"2017-8-23","142.62","142.43","142.93","142.31","25.70M","-0.35%"
"2017-8-22","143.12","141.73","143.27","141.69","36.29M","1.52%"
"2017-8-21","140.98","141.16","141.46","140.11","37.11M","-0.13%"
"2017-8-18","141.16","141.36","142.13","140.58","60.75M","-0.07%"
"2017-8-17","141.26","143.65","143.86","141.26","70.19M","-2.04%"
"2017-8-16","144.20","144.29","144.88","143.73","31.91M","0.17%"
"2017-8-15","143.95","144.14","144.23","143.56","25.51M","0.07%"
"2017-8-14","143.85","143.15","144.07","143.11","34.16M","1.28%"
"2017-8-11","142.03","141.17","142.34","140.83","45.86M","0.76%"
"2017-8-10","140.96","143.25","143.32","140.82","63.33M","-2.14%"
"2017-8-9","144.04","143.06","144.11","142.72","36.17M","-0.13%"
"2017-8-8","144.23","144.19","145.39","143.82","30.81M","-0.17%"
"2017-8-7","144.48","143.81","144.48","143.63","17.93M","0.63%"
"2017-8-4","143.57","143.57","143.89","142.98","29.47M","0.18%"
"2017-8-3","143.31","144.09","144.09","143.05","27.11M","-0.39%"
"2017-8-2","143.87","144.37","144.44","142.54","41.77M","0.27%"
"2017-8-1","143.48","143.62","143.68","143.04","20.15M","0.23%"
"2017-7-31","143.15","144.14","144.35","142.84","33.85M","-0.42%"
"2017-7-28","143.76","143.06","144.00","142.79","38.01M","-0.08%"
"2017-7-27","143.88","145.78","145.88","142.23","80.67M","-0.63%"
"2017-7-26","144.79","144.66","144.87","144.45","18.61M","0.33%"
"2017-7-25","144.32","144.21","144.66","143.93","28.12M","-0.26%"
"2017-7-24","144.69","143.99","144.79","143.84","26.71M","0.46%"
"2017-7-21","144.03","143.54","144.03","143.27","39.70M","-0.04%"
"2017-7-20","144.09","144.23","144.36","143.44","36.14M","0.13%"
"2017-7-19","143.90","143.45","144.11","143.42","33.75M","0.59%"
"2017-7-18","143.06","141.99","143.09","141.57","25.75M","0.66%"
"2017-7-17","142.12","142.18","142.62","141.85","25.34M","0.05%"
"2017-7-14","142.05","141.50","142.23","141.12","34.54M","0.79%"
"2017-7-13","140.94","140.78","141.28","140.53","31.07M","0.22%"
"2017-7-12","140.63","140.14","140.79","139.88","36.05M","1.19%"
"2017-7-11","138.98","138.37","139.15","137.87","31.52M","0.28%"
"2017-7-10","138.59","137.77","138.91","137.43","24.85M","0.65%"
"2017-7-7","137.69","136.67","138.06","136.67","36.97M","1.08%"
"2017-7-6","136.22","136.40","136.99","135.73","48.43M","-0.90%"
"2017-7-5","137.46","136.50","137.83","136.09","42.12M","0.98%"
"2017-7-3","136.12","138.18","138.36","136.03","32.80M","-1.05%"
"2017-6-30","137.57","137.93","138.60","137.12","68.90M","0.04%"
"2017-6-29","137.52","139.33","139.37","136.18","88.77M","-1.74%"
"2017-6-28","139.95","138.47","140.07","137.67","57.43M","1.44%"
"2017-6-27","137.96","140.00","140.15","137.95","65.96M","-1.81%"
"2017-6-26","140.51","141.93","142.22","140.20","34.41M","-0.47%"
"2017-6-23","141.17","140.46","141.35","140.08","21.65M","0.38%"
"2017-6-22","140.63","140.87","141.15","140.27","24.10M","-0.03%"
"2017-6-21","140.67","139.59","140.74","139.52","35.74M","0.99%"
"2017-6-20","139.29","140.24","140.43","139.24","40.94M","-0.78%"
"2017-6-19","140.39","139.38","140.52","139.21","39.63M","1.67%"
"2017-6-16","138.08","138.65","138.70","137.57","48.09M","-0.70%"
"2017-6-15","139.06","138.28","139.21","137.42","55.15M","-0.44%"
"2017-6-14","139.68","140.85","140.86","138.55","60.09M","-0.43%"
"2017-6-13","140.29","139.94","140.49","139.21","51.19M","0.81%"
"2017-6-12","139.16","138.77","139.41","137.40","104.45M","-0.54%"
"2017-6-9","139.91","143.65","143.82","138.04","109.78M","-2.49%"
"2017-6-8","143.49","143.66","143.72","142.72","25.42M","0.10%"
"2017-6-7","143.34","143.15","143.46","142.53","18.84M","0.39%"
"2017-6-6","142.78","143.20","143.65","142.58","22.39M","-0.40%"
"2017-6-5","143.35","143.36","143.60","143.15","15.73M","-0.02%"
"2017-6-2","143.38","142.27","143.41","142.04","37.22M","1.14%"
"2017-6-1","141.77","141.50","141.83","140.91","20.12M","0.39%"
"2017-5-31","141.22","141.73","141.77","140.50","33.23M","-0.04%"
"2017-5-30","141.27","141.06","141.43","140.99","20.31M","0.09%"
"2017-5-26","141.15","140.93","141.21","140.74","13.85M","0.18%"
"2017-5-25","140.90","140.24","141.26","139.94","23.93M","0.85%"
"2017-5-24","139.71","139.49","139.78","139.10","18.32M","0.46%"
"2017-5-23","139.07","139.35","139.35","138.71","19.69M","0.10%"
"2017-5-22","138.93","138.07","139.00","138.02","19.51M","0.84%"
"2017-5-19","137.77","137.64","138.35","137.59","36.73M","0.42%"
"2017-5-18","137.19","135.99","137.65","135.80","41.32M","0.88%"
"2017-5-17","136.00","138.48","138.70","135.98","55.64M","-2.54%"
"2017-5-16","139.55","139.29","139.57","138.92","21.79M","0.42%"
"2017-5-15","138.97","138.56","139.05","138.46","20.48M","0.32%"
"2017-5-12","138.53","138.30","138.56","138.16","19.74M","0.22%"
"2017-5-11","138.22","137.96","138.26","137.31","27.23M","-0.08%"
"2017-5-10","138.33","138.33","138.38","137.84","20.50M","0.06%"
"2017-5-9","138.25","137.98","138.56","137.86","28.43M","0.35%"
"2017-5-8","137.77","137.54","137.77","137.26","13.28M","0.22%"
"2017-5-5","137.47","137.32","137.47","136.81","19.33M","0.37%"
"2017-5-4","136.97","136.94","137.36","136.49","14.63M","0.04%"
"2017-5-3","136.92","137.07","137.10","136.54","23.83M","-0.32%"
"2017-5-2","137.36","137.31","137.42","136.95","18.35M","0.17%"
"2017-5-1","137.13","136.39","137.31","136.31","24.82M","0.89%"
"2017-4-28","135.92","136.21","136.27","135.70","22.77M","0.18%"
"2017-4-27","135.68","135.21","135.68","135.12","16.14M","0.60%"
"2017-4-26","134.87","135.10","135.44","134.79","25.40M","-0.14%"
"2017-4-25","135.06","134.51","135.30","134.41","19.38M","0.72%"
"2017-4-24","134.09","133.95","134.21","133.73","22.47M","1.21%"
"2017-4-21","132.49","132.63","132.69","132.15","22.45M","-0.02%"
"2017-4-20","132.52","131.97","132.81","131.75","21.98M","0.84%"
"2017-4-19","131.42","131.78","132.22","131.24","17.76M","0.16%"
"2017-4-18","131.21","130.94","131.59","130.88","12.84M","-0.15%"
"2017-4-17","131.41","130.73","131.43","130.65","13.33M","0.83%"
"2017-4-13","130.33","130.68","131.44","130.31","23.68M","-0.40%"
"2017-4-12","130.85","131.38","131.47","130.71","15.96M","-0.40%"
"2017-4-11","131.38","131.79","132.03","130.43","33.78M","-0.43%"
"2017-4-10","131.95","132.04","132.50","131.59","15.62M","0.04%"
"2017-4-7","131.90","131.92","132.30","131.43","16.74M","-0.05%"
"2017-4-6","131.97","132.05","132.32","131.63","18.83M","0.05%"
"2017-4-5","131.90","132.61","133.41","131.65","32.01M","-0.41%"
"2017-4-4","132.44","131.83","132.46","131.80","13.40M","0.16%"
"2017-4-3","132.23","132.41","132.74","131.49","23.70M","-0.06%"
"2017-3-31","132.31","132.20","132.67","132.06","19.84M","-0.07%"
"2017-3-30","132.40","132.15","132.54","132.01","16.09M","0.17%"
"2017-3-29","132.18","131.66","132.23","131.52","13.71M","0.46%"
"2017-3-28","131.57","130.74","131.96","130.48","23.72M","0.61%"
"2017-3-27","130.77","129.66","131.00","129.33","18.47M","0.16%"
"2017-3-24","130.56","130.71","131.22","130.06","22.97M","0.21%"
"2017-3-23","130.29","130.45","130.81","130.07","20.31M","-0.25%"
"2017-3-22","130.62","129.82","130.75","129.61","29.18M","0.68%"
"2017-3-21","129.74","132.24","132.36","129.66","35.84M","-1.52%"
"2017-3-20","131.74","131.58","132.04","131.39","10.11M","0.09%"
"2017-3-17","131.62","131.79","131.97","131.55","21.23M","-0.24%"
"2017-3-16","131.94","132.26","132.28","131.64","18.46M","-0.07%"
"2017-3-15","132.03","131.51","132.34","131.07","22.71M","0.62%"
"2017-3-14","131.22","131.24","131.29","130.69","14.02M","-0.24%"
"2017-3-13","131.54","131.27","131.57","131.20","10.73M","0.17%"
"2017-3-10","131.32","131.35","131.53","130.75","21.92M","0.42%"
"2017-3-9","130.77","130.64","130.95","130.07","20.86M","0.08%"
"2017-3-8","130.67","130.50","131.08","130.39","15.78M","0.18%"
"2017-3-7","130.44","130.38","131.01","130.21","15.50M","-0.17%"
"2017-3-6","130.66","130.49","130.88","130.14","12.03M","-0.22%"
"2017-3-3","130.95","130.58","130.99","130.27","13.72M","0.18%"
"2017-3-2","130.71","131.36","131.36","130.55","19.95M","-0.50%"
"2017-3-1","131.37","130.74","131.61","130.53","25.81M","1.09%"
"2017-2-28","129.95","130.32","130.38","129.59","16.60M","-0.31%"
"2017-2-27","130.35","129.95","130.36","129.73","12.01M","0.12%"
"2017-2-24","130.19","129.40","130.19","129.31","18.62M","0.19%"
"2017-2-23","129.94","130.63","130.63","129.42","17.49M","-0.38%"
"2017-2-22","130.43","130.25","130.52","130.04","12.11M","0.04%"
"2017-2-21","130.38","129.96","130.46","129.92","18.48M","0.49%"
"2017-2-17","129.74","129.02","129.75","128.97","15.56M","0.43%"
"2017-2-16","129.18","129.29","129.56","128.85","15.10M","-0.03%"
"2017-2-15","129.22","128.37","129.28","128.30","17.89M","0.59%"
"2017-2-14","128.46","128.08","128.47","127.67","16.33M","0.34%"
"2017-2-13","128.03","127.69","128.19","127.65","19.12M","0.57%"
"2017-2-10","127.31","127.13","127.49","126.95","13.92M","0.33%"
"2017-2-9","126.89","126.56","127.17","126.49","17.54M","0.36%"
"2017-2-8","126.43","126.05","126.61","125.81","12.57M","0.17%"
"2017-2-7","126.22","125.99","126.48","125.90","17.54M","0.37%"
"2017-2-6","125.76","125.35","125.78","125.28","11.63M","0.12%"
"2017-2-3","125.61","125.42","125.74","125.26","16.96M","0.29%"
"2017-2-2","125.25","125.14","125.63","124.79","15.10M","-0.09%"
"2017-2-1","125.36","125.35","125.61","124.79","22.86M","0.69%"
"2017-1-31","124.50","124.33","124.53","123.78","19.09M","-0.20%"
"2017-1-30","124.75","125.30","125.31","124.06","25.01M","-0.78%"
"2017-1-27","125.73","125.73","125.85","125.32","15.05M","0.19%"
"2017-1-26","125.49","125.52","125.75","125.28","16.05M","0.10%"
"2017-1-25","125.36","124.87","125.39","124.78","15.04M","1.01%"
"2017-1-24","124.11","123.53","124.30","123.32","17.64M","0.67%"
"2017-1-23","123.29","123.10","123.47","122.51","17.43M","0.08%"
"2017-1-20","123.19","123.45","123.76","122.86","22.09M","0.22%"
"2017-1-19","122.92","123.13","123.59","122.66","12.71M","-0.05%"
"2017-1-18","122.98","122.90","123.10","122.60","12.50M","0.20%"
"2017-1-17","122.73","122.73","122.97","122.37","14.54M","-0.30%"
"2017-1-13","123.10","122.75","123.31","122.74","16.93M","0.34%"
"2017-1-12","122.68","122.43","122.75","121.54","19.62M","-0.15%"
"2017-1-11","122.87","122.57","122.87","121.96","20.69M","0.27%"
"2017-1-10","122.54","122.31","122.91","122.04","16.18M","0.22%"
"2017-1-9","122.27","121.97","122.49","121.89","18.91M","0.33%"
"2017-1-6","121.87","120.93","122.19","120.62","24.07M","0.88%"
"2017-1-5","120.81","120.10","120.89","120.04","20.64M","0.57%"
"2017-1-4","120.13","119.61","120.35","119.59","19.75M","0.54%"
"2017-1-3","119.48","119.25","119.93","118.83","22.31M","0.90%"
"2016-12-30","118.42","119.87","119.89","118.08","41.75M","-1.03%"
"2016-12-29","119.65","119.80","120.07","119.27","13.27M","-0.14%"
"2016-12-28","119.82","121.00","121.13","119.73","17.98M","-0.78%"
"2016-12-27","120.76","120.38","121.46","120.35","16.11M","0.52%"
"2016-12-23","120.14","119.90","120.19","119.75","9.01M","0.07%"
"2016-12-22","120.06","120.40","120.44","119.59","16.64M","-0.28%"
"2016-12-21","120.40","120.51","120.62","120.13","7.08M","-0.07%"
"2016-12-20","120.49","120.37","120.71","120.27","11.46M","0.38%"
"2016-12-19","120.03","119.68","120.77","119.49","21.14M","0.41%"
"2016-12-16","119.54","120.22","120.52","119.30","26.28M","-0.66%"
"2016-12-15","120.34","120.31","121.05","120.02","22.76M","0.16%"
"2016-12-14","120.15","120.50","120.94","119.80","28.75M","-0.21%"
"2016-12-13","120.40","119.29","121.05","119.26","54.48M","1.26%"
"2016-12-12","118.90","118.89","119.15","118.41","23.26M","-0.45%"
"2016-12-9","119.44","118.97","119.48","118.94","21.86M","0.78%"
"2016-12-8","118.51","118.34","118.81","118.12","18.58M","0.18%"
"2016-12-7","118.30","116.58","118.45","116.23","26.62M","1.27%"
"2016-12-6","116.82","116.82","117.02","116.33","27.29M","0.24%"
"2016-12-5","116.54","116.26","117.00","115.71","21.42M","0.78%"
"2016-12-2","115.64","115.51","116.10","115.16","32.88M","0.20%"
"2016-12-1","115.41","117.40","117.41","115.23","39.80M","-1.73%"
"2016-11-30","117.44","119.00","119.07","117.40","30.41M","-1.21%"
"2016-11-29","118.88","118.57","119.45","118.24","18.55M","0.35%"
"2016-11-28","118.47","118.58","119.02","118.35","13.48M","-0.23%"
"2016-11-25","118.74","118.50","118.79","118.36","7.16M","0.32%"
"2016-11-23","118.36","118.45","118.58","117.84","22.93M","-0.40%"
"2016-11-22","118.84","118.91","119.13","118.55","18.85M","0.30%"
"2016-11-21","118.48","117.54","118.59","117.51","20.27M","1.04%"
"2016-11-18","117.26","117.77","118.04","117.15","16.43M","-0.37%"
"2016-11-17","117.70","116.80","117.72","116.55","20.60M","0.73%"
"2016-11-16","116.85","115.64","116.93","115.61","16.54M","0.59%"
"2016-11-15","116.16","115.41","116.56","115.27","31.80M","1.39%"
"2016-11-14","114.57","115.78","115.88","113.97","35.91M","-1.01%"
"2016-11-11","115.74","115.15","115.99","114.78","41.12M","0.04%"
"2016-11-10","115.69","118.08","118.32","114.14","72.83M","-1.62%"
"2016-11-9","117.59","115.65","117.78","115.54","70.23M","0.46%"
"2016-11-8","117.05","116.15","117.58","115.90","20.78M","0.65%"
"2016-11-7","116.29","115.39","116.41","115.24","26.59M","2.38%"
"2016-11-4","113.59","113.66","114.48","113.39","27.00M","-0.35%"
"2016-11-3","113.99","114.96","115.31","113.86","36.21M","-0.98%"
"2016-11-2","115.12","115.99","116.24","114.83","26.96M","-0.80%"
"2016-11-1","116.05","117.13","117.15","115.04","23.50M","-0.75%"
"2016-10-31","116.93","117.47","117.47","116.87","18.75M","-0.09%"
"2016-10-28","117.04","117.41","118.05","116.68","35.37M","-0.63%"
"2016-10-27","117.78","118.84","118.93","117.61","19.10M","-0.46%"
"2016-10-26","118.32","118.35","118.97","117.97","20.46M","-0.68%"
"2016-10-25","119.13","119.56","119.60","118.95","20.34M","-0.32%"
"2016-10-24","119.51","118.87","119.59","118.83","19.14M","1.20%"
"2016-10-21","118.09","117.74","118.16","117.35","15.71M","0.37%"
"2016-10-20","117.65","117.62","117.91","116.97","18.13M","-0.12%"
"2016-10-19","117.79","117.71","117.96","117.58","13.70M","-0.01%"
"2016-10-18","117.80","118.12","118.35","117.74","19.28M","0.89%"
"2016-10-17","116.76","117.04","117.24","116.61","14.18M","-0.27%"
"2016-10-14","117.08","117.52","117.99","117.01","21.31M","0.12%"
"2016-10-13","116.94","116.57","117.26","115.88","22.82M","-0.36%"
"2016-10-12","117.36","117.51","117.76","117.00","14.27M","-0.09%"
"2016-10-11","117.46","119.04","119.08","116.94","27.77M","-1.43%"
"2016-10-10","119.16","119.00","119.42","118.97","19.69M","0.63%"
"2016-10-7","118.41","118.80","118.95","117.83","19.98M","-0.22%"
"2016-10-6","118.67","118.57","118.92","118.09","11.99M","-0.05%"
"2016-10-5","118.73","118.64","119.11","118.61","14.48M","0.36%"
"2016-10-4","118.31","118.80","119.10","117.86","21.24M","-0.15%"
"2016-10-3","118.49","118.47","118.64","118.03","19.22M","-0.14%"
"2016-9-30","118.66","118.08","119.01","117.97","25.54M","0.75%"
"2016-9-29","117.78","118.45","118.66","117.27","27.21M","-0.72%"
"2016-9-28","118.64","118.56","118.71","118.03","14.79M","0.17%"
"2016-9-27","118.44","117.25","118.49","117.09","20.24M","0.99%"
"2016-9-26","117.28","117.60","117.74","117.11","16.40M","-0.84%"
"2016-9-23","118.27","118.86","118.94","118.10","22.21M","-0.64%"
"2016-9-22","119.03","118.79","119.16","118.66","22.61M","0.80%"
"2016-9-21","118.09","117.42","118.26","116.75","31.55M","0.98%"
"2016-9-20","116.94","117.13","117.42","116.74","18.08M","0.19%"
"2016-9-19","116.72","117.51","117.89","116.49","16.22M","-0.44%"
"2016-9-16","117.23","117.16","117.35","116.65","27.60M","-0.30%"
"2016-9-15","117.58","115.83","117.75","115.80","39.47M","1.55%"
"2016-9-14","115.78","115.37","116.41","115.32","28.22M","0.48%"
"2016-9-13","115.23","115.67","116.03","114.67","45.86M","-0.89%"
"2016-9-12","116.27","113.58","116.43","113.57","39.65M","1.79%"
"2016-9-9","114.22","116.17","116.45","114.20","50.81M","-2.52%"
"2016-9-8","117.17","117.51","117.54","116.86","20.13M","-0.59%"
"2016-9-7","117.86","117.89","118.06","117.41","17.55M","0.06%"
"2016-9-6","117.79","117.23","117.79","117.00","18.53M","0.62%"
"2016-9-2","117.06","117.26","117.50","116.62","18.09M","0.33%"
"2016-9-1","116.68","116.42","116.82","115.85","20.94M","0.26%"
"2016-8-31","116.38","116.32","116.50","115.89","16.17M","-0.10%"
"2016-8-30","116.50","116.67","117.03","116.10","19.84M","-0.33%"
"2016-8-29","116.88","116.75","117.19","116.73","11.18M","0.14%"
"2016-8-26","116.72","116.60","117.48","116.02","23.90M","0.15%"
"2016-8-25","116.55","116.42","116.91","116.30","24.27M","-0.16%"
"2016-8-24","116.74","117.43","117.58","116.35","17.73M","-0.65%"
"2016-8-23","117.50","117.73","117.95","117.45","12.00M","0.18%"
"2016-8-22","117.29","117.03","117.49","116.81","14.50M","0.08%"
"2016-8-19","117.20","117.04","117.46","116.70","18.74M","-0.03%"
"2016-8-18","117.23","117.09","117.40","116.88","10.04M","0.03%"
"2016-8-17","117.20","117.02","117.24","116.37","15.98M","0.18%"
"2016-8-16","116.99","117.41","117.43","116.97","14.16M","-0.55%"
"2016-8-15","117.64","117.27","117.91","117.25","11.78M","0.43%"
"2016-8-12","117.14","116.85","117.15","116.73","19.38M","0.07%"
"2016-8-11","117.06","116.95","117.31","116.72","12.97M","0.43%"
"2016-8-10","116.56","116.90","116.96","116.25","14.69M","-0.26%"
"2016-8-9","116.86","116.67","117.23","116.61","13.28M","0.23%"
"2016-8-8","116.59","116.76","116.81","116.22","12.36M","-0.11%"
"2016-8-5","116.72","116.22","116.98","116.07","23.20M","0.96%"
"2016-8-4","115.61","115.26","115.72","114.97","12.84M","0.29%"
"2016-8-3","115.28","114.82","115.29","114.74","15.01M","0.33%"
"2016-8-2","114.90","115.62","115.71","114.16","21.28M","-0.76%"
"2016-8-1","115.78","115.25","118.72","115.11","13.99M","0.53%"
"2016-7-29","115.17","115.18","115.48","114.81","22.39M","0.22%"
"2016-7-28","114.92","114.70","115.05","114.34","16.94M","0.35%"
"2016-7-27","114.52","114.70","114.82","114.04","27.65M","0.69%"
"2016-7-26","113.73","113.57","114.14","113.16","21.22M","0.11%"
"2016-7-25","113.60","113.50","113.63","113.22","12.97M","0.01%"
"2016-7-22","113.59","113.22","113.72","112.85","20.00M","0.42%"
"2016-7-21","113.12","113.46","113.68","112.81","18.89M","-0.23%"
"2016-7-20","113.38","112.69","113.59","112.54","25.00M","1.17%"
"2016-7-19","112.07","112.11","112.42","111.87","18.94M","-0.36%"
"2016-7-18","112.48","111.80","112.68","111.79","20.71M","0.66%"
"2016-7-15","111.74","112.16","112.24","111.49","18.00M","-0.16%"
"2016-7-14","111.92","111.90","112.13","111.64","20.87M","0.68%"
"2016-7-13","111.16","111.73","111.76","111.15","21.11M","-0.24%"
"2016-7-12","111.43","111.53","111.73","111.28","21.91M","0.51%"
"2016-7-11","110.87","110.62","111.28","110.60","20.22M","0.57%"
"2016-7-8","110.24","109.11","110.30","108.96","29.46M","1.55%"
"2016-7-7","108.56","108.33","108.80","108.05","19.16M","0.30%"
"2016-7-6","108.24","106.86","108.29","106.51","24.58M","0.82%"
"2016-7-5","107.36","107.52","107.60","106.78","21.17M","-0.61%"
"2016-7-1","108.02","107.43","108.42","107.39","19.90M","0.50%"
"2016-6-30","107.48","106.46","107.55","106.07","36.30M","1.16%"
"2016-6-29","106.25","105.20","106.47","105.18","31.36M","1.76%"
"2016-6-28","104.41","103.28","104.46","103.25","28.26M","2.19%"
"2016-6-27","102.17","103.55","103.55","101.70","50.04M","-1.99%"
"2016-6-24","104.24","104.75","106.44","104.01","68.01M","-4.11%"
"2016-6-23","108.71","108.03","108.73","107.56","18.71M","1.43%"
"2016-6-22","107.18","107.52","108.13","107.09","22.72M","-0.24%"
"2016-6-21","107.44","107.27","107.66","107.04","22.80M","0.32%"
"2016-6-20","107.10","107.67","108.18","107.02","20.56M","0.63%"
"2016-6-17","106.43","107.47","107.63","106.18","29.21M","-1.44%"
"2016-6-16","107.98","107.11","108.08","106.44","32.08M","0.30%"
"2016-6-15","107.66","108.26","108.38","107.48","24.61M","-0.29%"
"2016-6-14","107.97","107.72","108.36","107.18","24.59M","0.00%"
"2016-6-13","107.97","108.28","108.87","107.83","25.41M","-0.84%"
"2016-6-10","108.88","109.14","109.34","108.50","32.97M","-1.14%"
"2016-6-9","110.13","109.87","110.25","109.65","17.57M","-0.16%"
"2016-6-8","110.31","110.31","110.54","109.90","14.57M","0.17%"
"2016-6-7","110.12","110.47","110.57","110.07","12.18M","-0.25%"
"2016-6-6","110.40","110.19","110.69","110.01","12.50M","0.36%"
"2016-6-3","110.00","110.31","110.36","109.28","20.27M","-0.47%"
"2016-6-2","110.52","110.07","110.53","109.47","15.70M","0.21%"
"2016-6-1","110.29","109.94","110.54","109.85","19.57M","0.01%"
"2016-5-31","110.28","110.22","110.45","109.73","24.37M","0.19%"
"2016-5-27","110.07","109.59","110.08","109.55","19.87M","0.52%"
"2016-5-26","109.50","109.29","109.64","109.03","21.89M","0.29%"
"2016-5-25","109.18","108.80","109.51","108.63","38.46M","0.72%"
"2016-5-24","108.40","106.86","108.53","106.83","29.93M","2.00%"
"2016-5-23","106.27","106.49","106.91","106.17","15.73M","-0.13%"
"2016-5-20","106.41","105.68","106.84","105.61","29.55M","1.10%"
"2016-5-19","105.25","105.39","105.65","104.49","27.33M","-0.52%"
"2016-5-18","105.80","105.23","106.37","104.98","28.18M","0.36%"
"2016-5-17","105.42","106.68","106.98","105.14","29.93M","-1.26%"
"2016-5-16","106.76","105.61","107.15","105.50","18.31M","1.25%"
"2016-5-13","105.44","105.79","106.39","105.23","21.06M","-0.37%"